run,pop,herb,order,rate,rep,ve,biomass
1,AT1-R,control,0,1x,1,10,0.8726
1,AT1-R,control,0,1x,2,10,2.8025
1,AT1-R,control,0,1x,3,10,2.286
1,AT1-R,control,0,1x,4,10,2.1387
1,AT1-R,glyphosate,2,1x,1,6,1.2296
1,AT1-R,glyphosate,2,1x,2,7,0.884
1,AT1-R,glyphosate,2,1x,3,6,0.5622
1,AT1-R,glyphosate,2,1x,4,7,0.5174
1,AT1-R,glyphosate,2,1x,5,,
1,AT1-R,glyphosate,2,1x,6,,
1,AT1-R,glyphosate,2,1x,7,,
1,AT1-R,glyphosate,2,1x,8,,
1,AT1-R,glyphosate,2,3x,1,1,0
1,AT1-R,glyphosate,2,3x,2,1,0
1,AT1-R,glyphosate,2,3x,3,1,0
1,AT1-R,glyphosate,2,3x,4,1,0
1,AT1-R,glyphosate,2,3x,5,,
1,AT1-R,glyphosate,2,3x,6,,
1,AT1-R,glyphosate,2,3x,7,,
1,AT1-R,glyphosate,2,3x,8,,
1,AT2-R,control,0,1x,1,10,1.9956
1,AT2-R,control,0,1x,2,10,1.4818
1,AT2-R,control,0,1x,3,10,2.7702
1,AT2-R,control,0,1x,4,10,1.4936
1,AT2-R,glyphosate,2,1x,1,7,0.7589
1,AT2-R,glyphosate,2,1x,2,6,0.2961
1,AT2-R,glyphosate,2,1x,3,6,0.223
1,AT2-R,glyphosate,2,1x,4,5,0.3549
1,AT2-R,glyphosate,2,1x,5,1,0
1,AT2-R,glyphosate,2,1x,6,5,0.1174
1,AT2-R,glyphosate,2,1x,7,6,0.2555
1,AT2-R,glyphosate,2,1x,8,6,0.5116
1,AT2-R,glyphosate,2,3x,1,1,0
1,AT2-R,glyphosate,2,3x,2,1,0
1,AT2-R,glyphosate,2,3x,3,1,0
1,AT2-R,glyphosate,2,3x,4,3,0.1148
1,AT2-R,glyphosate,2,3x,5,1,0
1,AT2-R,glyphosate,2,3x,6,3,0.1766
1,AT2-R,glyphosate,2,3x,7,1,0
1,AT2-R,glyphosate,2,3x,8,3,0.1833
1,AT4-R,control,0,1x,1,10,1.9225
1,AT4-R,control,0,1x,2,10,1.4006
1,AT4-R,control,0,1x,3,10,1.2571
1,AT4-R,control,0,1x,4,10,2.0728
1,AT4-R,glyphosate,2,1x,1,6,0.3747
1,AT4-R,glyphosate,2,1x,2,7,0.4049
1,AT4-R,glyphosate,2,1x,3,4,0.146
1,AT4-R,glyphosate,2,1x,4,7,0.9288
1,AT4-R,glyphosate,2,1x,5,,
1,AT4-R,glyphosate,2,1x,6,,
1,AT4-R,glyphosate,2,1x,7,,
1,AT4-R,glyphosate,2,1x,8,,
1,AT4-R,glyphosate,2,3x,1,1,0
1,AT4-R,glyphosate,2,3x,2,3,0.1172
1,AT4-R,glyphosate,2,3x,3,1,0
1,AT4-R,glyphosate,2,3x,4,1,0
1,AT4-R,glyphosate,2,3x,5,,
1,AT4-R,glyphosate,2,3x,6,,
1,AT4-R,glyphosate,2,3x,7,,
1,AT4-R,glyphosate,2,3x,8,,
1,AT5-R,control,0,1x,1,10,1.8903
1,AT5-R,control,0,1x,2,10,1.8451
1,AT5-R,control,0,1x,3,10,1.6645
1,AT5-R,control,0,1x,4,10,2.4458
1,AT5-R,glyphosate,2,1x,1,4,0.1536
1,AT5-R,glyphosate,2,1x,2,6,0.3775
1,AT5-R,glyphosate,2,1x,3,7,0.4233
1,AT5-R,glyphosate,2,1x,4,6,0.4136
1,AT5-R,glyphosate,2,1x,5,1,0
1,AT5-R,glyphosate,2,1x,6,5,0.1725
1,AT5-R,glyphosate,2,1x,7,5,0.3334
1,AT5-R,glyphosate,2,1x,8,6,0.2095
1,AT5-R,glyphosate,2,3x,1,3,0.1034
1,AT5-R,glyphosate,2,3x,2,4,0.1285
1,AT5-R,glyphosate,2,3x,3,4,
1,AT5-R,glyphosate,2,3x,4,5,0.1875
1,AT5-R,glyphosate,2,3x,5,4,0.1358
1,AT5-R,glyphosate,2,3x,6,1,0
1,AT5-R,glyphosate,2,3x,7,1,0
1,AT5-R,glyphosate,2,3x,8,1,0
1,AT6-R,control,0,1x,1,10,1.1087
1,AT6-R,control,0,1x,2,10,1.5768
1,AT6-R,control,0,1x,3,10,1.1844
1,AT6-R,control,0,1x,4,10,2.4556
1,AT6-R,glyphosate,2,1x,1,6,0.5872
1,AT6-R,glyphosate,2,1x,2,6,0.2655
1,AT6-R,glyphosate,2,1x,3,6,0.2635
1,AT6-R,glyphosate,2,1x,4,5,0.1335
1,AT6-R,glyphosate,2,1x,5,3,0.1074
1,AT6-R,glyphosate,2,1x,6,7,0.64
1,AT6-R,glyphosate,2,1x,7,4,0.2381
1,AT6-R,glyphosate,2,1x,8,,
1,AT6-R,glyphosate,2,3x,1,1,0
1,AT6-R,glyphosate,2,3x,2,1,0
1,AT6-R,glyphosate,2,3x,3,3,0.1704
1,AT6-R,glyphosate,2,3x,4,3,0.0785
1,AT6-R,glyphosate,2,3x,5,2,0.0985
1,AT6-R,glyphosate,2,3x,6,1,0
1,AT6-R,glyphosate,2,3x,7,3,0.1455
1,AT6-R,glyphosate,2,3x,8,,
1,AT8-R,control,0,1x,1,10,1.4055
1,AT8-R,control,0,1x,2,10,0.9155
1,AT8-R,control,0,1x,3,10,0.577
1,AT8-R,control,0,1x,4,10,1.2222
1,AT8-R,glyphosate,2,1x,1,7,0.6509
1,AT8-R,glyphosate,2,1x,2,7,0.2323
1,AT8-R,glyphosate,2,1x,3,6,0.1875
1,AT8-R,glyphosate,2,1x,4,5,0.2599
1,AT8-R,glyphosate,2,1x,5,,
1,AT8-R,glyphosate,2,1x,6,,
1,AT8-R,glyphosate,2,1x,7,,
1,AT8-R,glyphosate,2,1x,8,,
1,AT8-R,glyphosate,2,3x,1,2,0.1318
1,AT8-R,glyphosate,2,3x,2,3,0.0577
1,AT8-R,glyphosate,2,3x,3,4,0.1631
1,AT8-R,glyphosate,2,3x,4,1,0
1,AT8-R,glyphosate,2,3x,5,,
1,AT8-R,glyphosate,2,3x,6,,
1,AT8-R,glyphosate,2,3x,7,,
1,AT8-R,glyphosate,2,3x,8,,
1,AT8-S,control,0,1x,1,10,1.4952
1,AT8-S,control,0,1x,2,10,1.8628
1,AT8-S,control,0,1x,3,10,1.7338
1,AT8-S,control,0,1x,4,10,2.0456
1,AT8-S,glyphosate,2,1x,1,4,0.0984
1,AT8-S,glyphosate,2,1x,2,6,0.288
1,AT8-S,glyphosate,2,1x,3,5,0.2844
1,AT8-S,glyphosate,2,1x,4,6,0.3513
1,AT8-S,glyphosate,2,1x,5,5,0.1457
1,AT8-S,glyphosate,2,1x,6,6,0.1924
1,AT8-S,glyphosate,2,1x,7,6,0.4152
1,AT8-S,glyphosate,2,1x,8,6,0.2745
1,AT8-S,glyphosate,2,3x,1,1,0
1,AT8-S,glyphosate,2,3x,2,1,0
1,AT8-S,glyphosate,2,3x,3,1,0
1,AT8-S,glyphosate,2,3x,4,1,0
1,AT8-S,glyphosate,2,3x,5,1,0
1,AT8-S,glyphosate,2,3x,6,1,0
1,AT8-S,glyphosate,2,3x,7,1,0
1,AT8-S,glyphosate,2,3x,8,1,0
1,AT10,control,0,1x,1,10,1.5
1,AT10,control,0,1x,2,10,1.2321
1,AT10,control,0,1x,3,10,2.3382
1,AT10,control,0,1x,4,10,0.9944
1,AT10,glyphosate,2,1x,1,1,0
1,AT10,glyphosate,2,1x,2,9,1.3701
1,AT10,glyphosate,2,1x,3,9,1.028
1,AT10,glyphosate,2,1x,4,9,1.2962
1,AT10,glyphosate,2,1x,5,7,0.6211
1,AT10,glyphosate,2,1x,6,9,1.1852
1,AT10,glyphosate,2,1x,7,4,0.2423
1,AT10,glyphosate,2,1x,8,9,1.1081
1,AT10,glyphosate,2,3x,1,1,0
1,AT10,glyphosate,2,3x,2,4,0.1388
1,AT10,glyphosate,2,3x,3,4,0.2071
1,AT10,glyphosate,2,3x,4,3,0.1604
1,AT10,glyphosate,2,3x,5,4,0.1955
1,AT10,glyphosate,2,3x,6,5,0.169
1,AT10,glyphosate,2,3x,7,7,0.5929
1,AT10,glyphosate,2,3x,8,4,0.244
1,ATBP-S,control,0,1x,1,10,2.0074
1,ATBP-S,control,0,1x,2,10,1.8241
1,ATBP-S,control,0,1x,3,10,2.834
1,ATBP-S,control,0,1x,4,10,1.6885
1,ATBP-S,glyphosate,2,1x,1,5,0.367
1,ATBP-S,glyphosate,2,1x,2,1,0
1,ATBP-S,glyphosate,2,1x,3,6,0.2093
1,ATBP-S,glyphosate,2,1x,4,5,0.4047
1,ATBP-S,glyphosate,2,1x,5,6,0.3929
1,ATBP-S,glyphosate,2,1x,6,6,0.5435
1,ATBP-S,glyphosate,2,1x,7,5,0.3069
1,ATBP-S,glyphosate,2,1x,8,5,0.4142
1,ATBP-S,glyphosate,2,3x,1,1,0
1,ATBP-S,glyphosate,2,3x,2,1,0
1,ATBP-S,glyphosate,2,3x,3,1,0
1,ATBP-S,glyphosate,2,3x,4,3,0.1274
1,ATBP-S,glyphosate,2,3x,5,1,0
1,ATBP-S,glyphosate,2,3x,6,2,0.1415
1,ATBP-S,glyphosate,2,3x,7,1,0
1,ATBP-S,glyphosate,2,3x,8,1,0
2,AT1-R,control,0,1x,1,10,0.6542
2,AT1-R,control,0,1x,2,10,1.5605
2,AT1-R,control,0,1x,3,10,0.9453
2,AT1-R,control,0,1x,4,,
2,AT1-R,glyphosate,2,1x,1,1,0
2,AT1-R,glyphosate,2,1x,2,5,0.1722
2,AT1-R,glyphosate,2,1x,3,5,0.1675
2,AT1-R,glyphosate,2,1x,4,1,0
2,AT1-R,glyphosate,2,1x,5,5,0.228
2,AT1-R,glyphosate,2,1x,6,,
2,AT1-R,glyphosate,2,1x,7,,
2,AT1-R,glyphosate,2,1x,8,,
2,AT1-R,glyphosate,2,3x,1,1,0
2,AT1-R,glyphosate,2,3x,2,1,0
2,AT1-R,glyphosate,2,3x,3,1,0
2,AT1-R,glyphosate,2,3x,4,2,0.0661
2,AT1-R,glyphosate,2,3x,5,1,0
2,AT1-R,glyphosate,2,3x,6,,
2,AT1-R,glyphosate,2,3x,7,,
2,AT1-R,glyphosate,2,3x,8,,
2,AT2-R,control,0,1x,1,10,1.6561
2,AT2-R,control,0,1x,2,10,2.0092
2,AT2-R,control,0,1x,3,10,1.4593
2,AT2-R,control,0,1x,4,,
2,AT2-R,glyphosate,2,1x,1,1,0
2,AT2-R,glyphosate,2,1x,2,1,0
2,AT2-R,glyphosate,2,1x,3,1,0
2,AT2-R,glyphosate,2,1x,4,,
2,AT2-R,glyphosate,2,1x,5,,
2,AT2-R,glyphosate,2,1x,6,,
2,AT2-R,glyphosate,2,1x,7,,
2,AT2-R,glyphosate,2,1x,8,,
2,AT2-R,glyphosate,2,3x,1,1,0
2,AT2-R,glyphosate,2,3x,2,1,0
2,AT2-R,glyphosate,2,3x,3,1,0
2,AT2-R,glyphosate,2,3x,4,,
2,AT2-R,glyphosate,2,3x,5,,
2,AT2-R,glyphosate,2,3x,6,,
2,AT2-R,glyphosate,2,3x,7,,
2,AT2-R,glyphosate,2,3x,8,,
2,AT4-R,control,0,1x,1,10,1.8728
2,AT4-R,control,0,1x,2,10,2.2148
2,AT4-R,control,0,1x,3,10,1.8955
2,AT4-R,control,0,1x,4,10,1.928
2,AT4-R,glyphosate,2,1x,1,1,0
2,AT4-R,glyphosate,2,1x,2,5,0.3753
2,AT4-R,glyphosate,2,1x,3,7,0.345
2,AT4-R,glyphosate,2,1x,4,2,0.1309
2,AT4-R,glyphosate,2,1x,5,1,0
2,AT4-R,glyphosate,2,1x,6,1,0
2,AT4-R,glyphosate,2,1x,7,1,0
2,AT4-R,glyphosate,2,1x,8,4,0.3412
2,AT4-R,glyphosate,2,3x,1,2,0.2131
2,AT4-R,glyphosate,2,3x,2,1,0
2,AT4-R,glyphosate,2,3x,3,1,0
2,AT4-R,glyphosate,2,3x,4,1,0
2,AT4-R,glyphosate,2,3x,5,1,0
2,AT4-R,glyphosate,2,3x,6,1,0
2,AT4-R,glyphosate,2,3x,7,1,0
2,AT4-R,glyphosate,2,3x,8,1,0
2,AT5-R,control,0,1x,1,10,1.135
2,AT5-R,control,0,1x,2,10,1.8728
2,AT5-R,control,0,1x,3,10,2.1166
2,AT5-R,control,0,1x,4,10,1.6737
2,AT5-R,glyphosate,2,1x,1,1,0
2,AT5-R,glyphosate,2,1x,2,7,0.4766
2,AT5-R,glyphosate,2,1x,3,1,0
2,AT5-R,glyphosate,2,1x,4,6,0.488
2,AT5-R,glyphosate,2,1x,5,1,0
2,AT5-R,glyphosate,2,1x,6,5,0.223
2,AT5-R,glyphosate,2,1x,7,7,0.2717
2,AT5-R,glyphosate,2,1x,8,1,0
2,AT5-R,glyphosate,2,3x,1,1,0
2,AT5-R,glyphosate,2,3x,2,1,0
2,AT5-R,glyphosate,2,3x,3,1,0
2,AT5-R,glyphosate,2,3x,4,1,0
2,AT5-R,glyphosate,2,3x,5,1,0
2,AT5-R,glyphosate,2,3x,6,1,0
2,AT5-R,glyphosate,2,3x,7,1,0
2,AT5-R,glyphosate,2,3x,8,1,0
2,AT6-R,control,0,1x,1,10,0.808
2,AT6-R,control,0,1x,2,10,0.8904
2,AT6-R,control,0,1x,3,10,1.5159
2,AT6-R,control,0,1x,4,,
2,AT6-R,glyphosate,2,1x,1,1,0
2,AT6-R,glyphosate,2,1x,2,2,0.0742
2,AT6-R,glyphosate,2,1x,3,1,0
2,AT6-R,glyphosate,2,1x,4,,
2,AT6-R,glyphosate,2,1x,5,,
2,AT6-R,glyphosate,2,1x,6,,
2,AT6-R,glyphosate,2,1x,7,,
2,AT6-R,glyphosate,2,1x,8,,
2,AT6-R,glyphosate,2,3x,1,1,0
2,AT6-R,glyphosate,2,3x,2,2,0.129
2,AT6-R,glyphosate,2,3x,3,1,0
2,AT6-R,glyphosate,2,3x,4,,
2,AT6-R,glyphosate,2,3x,5,,
2,AT6-R,glyphosate,2,3x,6,,
2,AT6-R,glyphosate,2,3x,7,,
2,AT6-R,glyphosate,2,3x,8,,
2,AT8-R,control,0,1x,1,10,1.071
2,AT8-R,control,0,1x,2,10,0.4473
2,AT8-R,control,0,1x,3,10,0.3844
2,AT8-R,control,0,1x,4,,
2,AT8-R,glyphosate,2,1x,1,1,0
2,AT8-R,glyphosate,2,1x,2,7,0.1777
2,AT8-R,glyphosate,2,1x,3,9,1.0532
2,AT8-R,glyphosate,2,1x,4,,
2,AT8-R,glyphosate,2,1x,5,,
2,AT8-R,glyphosate,2,1x,6,,
2,AT8-R,glyphosate,2,1x,7,,
2,AT8-R,glyphosate,2,1x,8,,
2,AT8-R,glyphosate,2,3x,1,,
2,AT8-R,glyphosate,2,3x,2,,
2,AT8-R,glyphosate,2,3x,3,,
2,AT8-R,glyphosate,2,3x,4,,
2,AT8-R,glyphosate,2,3x,5,,
2,AT8-R,glyphosate,2,3x,6,,
2,AT8-R,glyphosate,2,3x,7,,
2,AT8-R,glyphosate,2,3x,8,,
2,AT8-S,control,0,1x,1,10,1.7763
2,AT8-S,control,0,1x,2,10,0.6233
2,AT8-S,control,0,1x,3,10,0.0373
2,AT8-S,control,0,1x,4,,
2,AT8-S,glyphosate,2,1x,1,1,0
2,AT8-S,glyphosate,2,1x,2,6,0.2722
2,AT8-S,glyphosate,2,1x,3,6,0.4677
2,AT8-S,glyphosate,2,1x,4,,
2,AT8-S,glyphosate,2,1x,5,,
2,AT8-S,glyphosate,2,1x,6,,
2,AT8-S,glyphosate,2,1x,7,,
2,AT8-S,glyphosate,2,1x,8,,
2,AT8-S,glyphosate,2,3x,1,,
2,AT8-S,glyphosate,2,3x,2,,
2,AT8-S,glyphosate,2,3x,3,,
2,AT8-S,glyphosate,2,3x,4,,
2,AT8-S,glyphosate,2,3x,5,,
2,AT8-S,glyphosate,2,3x,6,,
2,AT8-S,glyphosate,2,3x,7,,
2,AT8-S,glyphosate,2,3x,8,,
2,AT10,control,0,1x,1,10,1.1015
2,AT10,control,0,1x,2,10,0.465
2,AT10,control,0,1x,3,10,0.8525
2,AT10,control,0,1x,4,10,0.1945
2,AT10,glyphosate,2,1x,1,1,0
2,AT10,glyphosate,2,1x,2,8,0.5075
2,AT10,glyphosate,2,1x,3,7,0.4595
2,AT10,glyphosate,2,1x,4,7,0.2543
2,AT10,glyphosate,2,1x,5,6,0.2315
2,AT10,glyphosate,2,1x,6,4,0.2104
2,AT10,glyphosate,2,1x,7,6,0.3851
2,AT10,glyphosate,2,1x,8,8,0.4907
2,AT10,glyphosate,2,3x,1,1,0
2,AT10,glyphosate,2,3x,2,6,0.1724
2,AT10,glyphosate,2,3x,3,3,0.1197
2,AT10,glyphosate,2,3x,4,5,0.2413
2,AT10,glyphosate,2,3x,5,3,0.0942
2,AT10,glyphosate,2,3x,6,4,0.17
2,AT10,glyphosate,2,3x,7,1,0
2,AT10,glyphosate,2,3x,8,5,0.2217
2,ATBP-S,control,0,1x,1,10,0.8894
2,ATBP-S,control,0,1x,2,10,0.1453
2,ATBP-S,control,0,1x,3,10,1.0915
2,ATBP-S,control,0,1x,4,10,1.3896
2,ATBP-S,glyphosate,2,1x,1,5,0.3712
2,ATBP-S,glyphosate,2,1x,2,7,0.3082
2,ATBP-S,glyphosate,2,1x,3,7,0.5747
2,ATBP-S,glyphosate,2,1x,4,3,0.1329
2,ATBP-S,glyphosate,2,1x,5,6,0.3132
2,ATBP-S,glyphosate,2,1x,6,5,0.1974
2,ATBP-S,glyphosate,2,1x,7,2,0.1375
2,ATBP-S,glyphosate,2,1x,8,1,0
2,ATBP-S,glyphosate,2,3x,1,2,0.1012
2,ATBP-S,glyphosate,2,3x,2,2,0.1161
2,ATBP-S,glyphosate,2,3x,3,1,0
2,ATBP-S,glyphosate,2,3x,4,1,0
2,ATBP-S,glyphosate,2,3x,5,1,0
2,ATBP-S,glyphosate,2,3x,6,4,0.3542
2,ATBP-S,glyphosate,2,3x,7,1,0
2,ATBP-S,glyphosate,2,3x,8,1,0
1,AT1-R,control,0,3x,1,10,0.8726
1,AT1-R,control,0,3x,2,10,2.8025
1,AT1-R,control,0,3x,3,10,2.286
1,AT1-R,control,0,3x,4,10,2.1387
1,AT2-R,control,0,3x,1,10,1.9956
1,AT2-R,control,0,3x,2,10,1.4818
1,AT2-R,control,0,3x,3,10,2.7702
1,AT2-R,control,0,3x,4,10,1.4936
1,AT4-R,control,0,3x,1,10,1.9225
1,AT4-R,control,0,3x,2,10,1.4006
1,AT4-R,control,0,3x,3,10,1.2571
1,AT4-R,control,0,3x,4,10,2.0728
1,AT5-R,control,0,3x,1,10,1.8903
1,AT5-R,control,0,3x,2,10,1.8451
1,AT5-R,control,0,3x,3,10,1.6645
1,AT5-R,control,0,3x,4,10,2.4458
1,AT6-R,control,0,3x,1,10,1.1087
1,AT6-R,control,0,3x,2,10,1.5768
1,AT6-R,control,0,3x,3,10,1.1844
1,AT6-R,control,0,3x,4,10,2.4556
1,AT8-R,control,0,3x,1,10,1.4055
1,AT8-R,control,0,3x,2,10,0.9155
1,AT8-R,control,0,3x,3,10,0.577
1,AT8-R,control,0,3x,4,10,1.2222
1,AT8-S,control,0,3x,1,10,1.4952
1,AT8-S,control,0,3x,2,10,1.8628
1,AT8-S,control,0,3x,3,10,1.7338
1,AT8-S,control,0,3x,4,10,2.0456
1,AT10,control,0,3x,1,10,1.5
1,AT10,control,0,3x,2,10,1.2321
1,AT10,control,0,3x,3,10,2.3382
1,AT10,control,0,3x,4,10,0.9944
1,ATBP-S,control,0,3x,1,10,2.0074
1,ATBP-S,control,0,3x,2,10,1.8241
1,ATBP-S,control,0,3x,3,10,2.834
1,ATBP-S,control,0,3x,4,10,1.6885
2,AT1-R,control,0,3x,1,10,0.6542
2,AT1-R,control,0,3x,2,10,1.5605
2,AT1-R,control,0,3x,3,10,0.9453
2,AT1-R,control,0,3x,4,,
2,AT2-R,control,0,3x,1,10,1.6561
2,AT2-R,control,0,3x,2,10,2.0092
2,AT2-R,control,0,3x,3,10,1.4593
2,AT2-R,control,0,3x,4,,
2,AT4-R,control,0,3x,1,10,1.8728
2,AT4-R,control,0,3x,2,10,2.2148
2,AT4-R,control,0,3x,3,10,1.8955
2,AT4-R,control,0,3x,4,10,1.928
2,AT5-R,control,0,3x,1,10,1.135
2,AT5-R,control,0,3x,2,10,1.8728
2,AT5-R,control,0,3x,3,10,2.1166
2,AT5-R,control,0,3x,4,10,1.6737
2,AT6-R,control,0,3x,1,10,0.808
2,AT6-R,control,0,3x,2,10,0.8904
2,AT6-R,control,0,3x,3,10,1.5159
2,AT6-R,control,0,3x,4,,
2,AT8-R,control,0,3x,1,10,1.071
2,AT8-R,control,0,3x,2,10,0.4473
2,AT8-R,control,0,3x,3,10,0.3844
2,AT8-R,control,0,3x,4,,
2,AT8-S,control,0,3x,1,10,1.7763
2,AT8-S,control,0,3x,2,10,0.6233
2,AT8-S,control,0,3x,3,10,0.0373
2,AT8-S,control,0,3x,4,,
2,AT10,control,0,3x,1,10,1.1015
2,AT10,control,0,3x,2,10,0.465
2,AT10,control,0,3x,3,10,0.8525
2,AT10,control,0,3x,4,10,0.1945
2,ATBP-S,control,0,3x,1,10,0.8894
2,ATBP-S,control,0,3x,2,10,0.1453
2,ATBP-S,control,0,3x,3,10,1.0915
2,ATBP-S,control,0,3x,4,10,1.3896
1,AT1-R,control,0,1x,1,10,2.373
1,AT1-R,control,0,1x,2,10,1.93
1,AT1-R,control,0,1x,3,10,2.494
1,AT1-R,control,0,1x,4,,
1,AT1-R,cloransulam,1,1x,1,8,1.323
1,AT1-R,cloransulam,1,1x,2,1,0
1,AT1-R,cloransulam,1,1x,3,7,0.633
1,AT1-R,cloransulam,1,1x,4,,
1,AT1-R,cloransulam,1,1x,5,,
1,AT1-R,cloransulam,1,1x,6,,
1,AT1-R,cloransulam,1,1x,7,,
1,AT1-R,cloransulam,1,1x,8,,
1,AT1-R,cloransulam,1,3x,1,,
1,AT1-R,cloransulam,1,3x,2,,
1,AT1-R,cloransulam,1,3x,3,,
1,AT1-R,cloransulam,1,3x,4,,
1,AT1-R,cloransulam,1,3x,5,,
1,AT1-R,cloransulam,1,3x,6,,
1,AT1-R,cloransulam,1,3x,7,,
1,AT1-R,cloransulam,1,3x,8,,
1,AT2-R,control,0,1x,1,10,2.021
1,AT2-R,control,0,1x,2,10,1.534
1,AT2-R,control,0,1x,3,10,1.205
1,AT2-R,control,0,1x,4,,
1,AT2-R,cloransulam,1,1x,1,1,0
1,AT2-R,cloransulam,1,1x,2,1,0
1,AT2-R,cloransulam,1,1x,3,4,0.393
1,AT2-R,cloransulam,1,1x,4,1,0
1,AT2-R,cloransulam,1,1x,5,1,0
1,AT2-R,cloransulam,1,1x,6,1,0
1,AT2-R,cloransulam,1,1x,7,,
1,AT2-R,cloransulam,1,1x,8,,
1,AT2-R,cloransulam,1,3x,1,1,0
1,AT2-R,cloransulam,1,3x,2,1,0
1,AT2-R,cloransulam,1,3x,3,2,0.074
1,AT2-R,cloransulam,1,3x,4,1,0
1,AT2-R,cloransulam,1,3x,5,1,0
1,AT2-R,cloransulam,1,3x,6,1,0
1,AT2-R,cloransulam,1,3x,7,,
1,AT2-R,cloransulam,1,3x,8,,
1,AT4-R,control,0,1x,1,10,2.185
1,AT4-R,control,0,1x,2,10,2.074
1,AT4-R,control,0,1x,3,10,1.349
1,AT4-R,control,0,1x,4,10,1.843
1,AT4-R,cloransulam,1,1x,1,9,2.33
1,AT4-R,cloransulam,1,1x,2,9,1.933
1,AT4-R,cloransulam,1,1x,3,9,1.853
1,AT4-R,cloransulam,1,1x,4,7,1.43
1,AT4-R,cloransulam,1,1x,5,8,1.828
1,AT4-R,cloransulam,1,1x,6,8,1.464
1,AT4-R,cloransulam,1,1x,7,2,0.323
1,AT4-R,cloransulam,1,1x,8,8,1.291
1,AT4-R,cloransulam,1,3x,1,8,2.09
1,AT4-R,cloransulam,1,3x,2,4,0.825
1,AT4-R,cloransulam,1,3x,3,9,1.176
1,AT4-R,cloransulam,1,3x,4,8,1.771
1,AT4-R,cloransulam,1,3x,5,5,0.264
1,AT4-R,cloransulam,1,3x,6,5,1.373
1,AT4-R,cloransulam,1,3x,7,8,1.891
1,AT4-R,cloransulam,1,3x,8,8,2.208
1,AT5-R,control,0,1x,1,10,1.453
1,AT5-R,control,0,1x,2,10,1.177
1,AT5-R,control,0,1x,3,10,1.894
1,AT5-R,control,0,1x,4,10,1.764
1,AT5-R,cloransulam,1,1x,1,7,1.239
1,AT5-R,cloransulam,1,1x,2,7,1.256
1,AT5-R,cloransulam,1,1x,3,2,0.216
1,AT5-R,cloransulam,1,1x,4,7,1.339
1,AT5-R,cloransulam,1,1x,5,2,0.128
1,AT5-R,cloransulam,1,1x,6,1,0
1,AT5-R,cloransulam,1,1x,7,2,0.161
1,AT5-R,cloransulam,1,1x,8,1,0
1,AT5-R,cloransulam,1,3x,1,7,2.024
1,AT5-R,cloransulam,1,3x,2,2,0.227
1,AT5-R,cloransulam,1,3x,3,7,0.867
1,AT5-R,cloransulam,1,3x,4,4,0.687
1,AT5-R,cloransulam,1,3x,5,1,0
1,AT5-R,cloransulam,1,3x,6,2,0.104
1,AT5-R,cloransulam,1,3x,7,1,0
1,AT5-R,cloransulam,1,3x,8,8,1.855
1,AT6-R,control,0,1x,1,10,2.077
1,AT6-R,control,0,1x,2,10,0.807
1,AT6-R,control,0,1x,3,,
1,AT6-R,control,0,1x,4,,
1,AT6-R,cloransulam,1,1x,1,7,0.581
1,AT6-R,cloransulam,1,1x,2,7,0.343
1,AT6-R,cloransulam,1,1x,3,2,0.215
1,AT6-R,cloransulam,1,1x,4,,
1,AT6-R,cloransulam,1,1x,5,,
1,AT6-R,cloransulam,1,1x,6,,
1,AT6-R,cloransulam,1,1x,7,,
1,AT6-R,cloransulam,1,1x,8,,
1,AT6-R,cloransulam,1,3x,1,,
1,AT6-R,cloransulam,1,3x,2,,
1,AT6-R,cloransulam,1,3x,3,,
1,AT6-R,cloransulam,1,3x,4,,
1,AT6-R,cloransulam,1,3x,5,,
1,AT6-R,cloransulam,1,3x,6,,
1,AT6-R,cloransulam,1,3x,7,,
1,AT6-R,cloransulam,1,3x,8,,
1,AT8-R,control,0,1x,1,10,2.249
1,AT8-R,control,0,1x,2,10,1.945
1,AT8-R,control,0,1x,3,10,2.196
1,AT8-R,control,0,1x,4,,
1,AT8-R,cloransulam,1,1x,1,2,0.102
1,AT8-R,cloransulam,1,1x,2,7,0.81
1,AT8-R,cloransulam,1,1x,3,2,0.117
1,AT8-R,cloransulam,1,1x,4,,
1,AT8-R,cloransulam,1,1x,5,,
1,AT8-R,cloransulam,1,1x,6,,
1,AT8-R,cloransulam,1,1x,7,,
1,AT8-R,cloransulam,1,1x,8,,
1,AT8-R,cloransulam,1,3x,1,,
1,AT8-R,cloransulam,1,3x,2,,
1,AT8-R,cloransulam,1,3x,3,,
1,AT8-R,cloransulam,1,3x,4,,
1,AT8-R,cloransulam,1,3x,5,,
1,AT8-R,cloransulam,1,3x,6,,
1,AT8-R,cloransulam,1,3x,7,,
1,AT8-R,cloransulam,1,3x,8,,
1,AT8-S,control,0,1x,1,10,2.566
1,AT8-S,control,0,1x,2,10,1.996
1,AT8-S,control,0,1x,3,10,1.815
1,AT8-S,control,0,1x,4,10,2.186
1,AT8-S,cloransulam,1,1x,1,1,0
1,AT8-S,cloransulam,1,1x,2,2,0.094
1,AT8-S,cloransulam,1,1x,3,1,0
1,AT8-S,cloransulam,1,1x,4,1,0
1,AT8-S,cloransulam,1,1x,5,1,0
1,AT8-S,cloransulam,1,1x,6,,
1,AT8-S,cloransulam,1,1x,7,,
1,AT8-S,cloransulam,1,1x,8,,
1,AT8-S,cloransulam,1,3x,1,1,0
1,AT8-S,cloransulam,1,3x,2,1,0
1,AT8-S,cloransulam,1,3x,3,1,0
1,AT8-S,cloransulam,1,3x,4,1,0
1,AT8-S,cloransulam,1,3x,5,1,0
1,AT8-S,cloransulam,1,3x,6,,
1,AT8-S,cloransulam,1,3x,7,,
1,AT8-S,cloransulam,1,3x,8,,
1,AT10,control,0,1x,1,10,1.456
1,AT10,control,0,1x,2,10,2.216
1,AT10,control,0,1x,3,10,1.302
1,AT10,control,0,1x,4,10,1.545
1,AT10,cloransulam,1,1x,1,2,0.134
1,AT10,cloransulam,1,1x,2,1,0
1,AT10,cloransulam,1,1x,3,1,0
1,AT10,cloransulam,1,1x,4,1,0
1,AT10,cloransulam,1,1x,5,1,0
1,AT10,cloransulam,1,1x,6,7,1.418
1,AT10,cloransulam,1,1x,7,1,0
1,AT10,cloransulam,1,1x,8,1,0
1,AT10,cloransulam,1,3x,1,7,2
1,AT10,cloransulam,1,3x,2,1,0
1,AT10,cloransulam,1,3x,3,1,0
1,AT10,cloransulam,1,3x,4,7,1.278
1,AT10,cloransulam,1,3x,5,7,0.875
1,AT10,cloransulam,1,3x,6,1,0
1,AT10,cloransulam,1,3x,7,1,0
1,AT10,cloransulam,1,3x,8,7,0.997
1,ATBP-S,control,0,1x,1,10,2.781
1,ATBP-S,control,0,1x,2,10,1.709
1,ATBP-S,control,0,1x,3,10,1.83
1,ATBP-S,control,0,1x,4,10,2.545
1,ATBP-S,cloransulam,1,1x,1,1,0
1,ATBP-S,cloransulam,1,1x,2,2,0.323
1,ATBP-S,cloransulam,1,1x,3,1,0
1,ATBP-S,cloransulam,1,1x,4,1,0
1,ATBP-S,cloransulam,1,1x,5,1,0
1,ATBP-S,cloransulam,1,1x,6,1,0
1,ATBP-S,cloransulam,1,1x,7,2,0.228
1,ATBP-S,cloransulam,1,1x,8,1,0
1,ATBP-S,cloransulam,1,3x,1,1,0
1,ATBP-S,cloransulam,1,3x,2,1,0
1,ATBP-S,cloransulam,1,3x,3,1,0
1,ATBP-S,cloransulam,1,3x,4,2,0.144
1,ATBP-S,cloransulam,1,3x,5,1,0
1,ATBP-S,cloransulam,1,3x,6,1,0
1,ATBP-S,cloransulam,1,3x,7,1,0
1,ATBP-S,cloransulam,1,3x,8,1,0
2,AT1-R,control,0,1x,1,10,1.842
2,AT1-R,control,0,1x,2,10,2.447
2,AT1-R,control,0,1x,3,10,2.525
2,AT1-R,control,0,1x,4,,
2,AT1-R,cloransulam,1,1x,1,8,1.209
2,AT1-R,cloransulam,1,1x,2,9,2.97
2,AT1-R,cloransulam,1,1x,3,7,0.639
2,AT1-R,cloransulam,1,1x,4,7,0.345
2,AT1-R,cloransulam,1,1x,5,7,0.739
2,AT1-R,cloransulam,1,1x,6,,
2,AT1-R,cloransulam,1,1x,7,,
2,AT1-R,cloransulam,1,1x,8,,
2,AT1-R,cloransulam,1,3x,1,2,0.239
2,AT1-R,cloransulam,1,3x,2,1,0
2,AT1-R,cloransulam,1,3x,3,8,1.922
2,AT1-R,cloransulam,1,3x,4,6,1.018
2,AT1-R,cloransulam,1,3x,5,8,2.559
2,AT1-R,cloransulam,1,3x,6,,
2,AT1-R,cloransulam,1,3x,7,,
2,AT1-R,cloransulam,1,3x,8,,
2,AT2-R,control,0,1x,1,10,3.048
2,AT2-R,control,0,1x,2,10,3.12
2,AT2-R,control,0,1x,3,10,3.106
2,AT2-R,control,0,1x,4,10,2.936
2,AT2-R,cloransulam,1,1x,1,1,0
2,AT2-R,cloransulam,1,1x,2,1,0
2,AT2-R,cloransulam,1,1x,3,2,0.128
2,AT2-R,cloransulam,1,1x,4,1,0
2,AT2-R,cloransulam,1,1x,5,1,0
2,AT2-R,cloransulam,1,1x,6,1,0
2,AT2-R,cloransulam,1,1x,7,1,0
2,AT2-R,cloransulam,1,1x,8,2,0.142
2,AT2-R,cloransulam,1,3x,1,1,0
2,AT2-R,cloransulam,1,3x,2,1,0
2,AT2-R,cloransulam,1,3x,3,1,0
2,AT2-R,cloransulam,1,3x,4,1,0
2,AT2-R,cloransulam,1,3x,5,1,0
2,AT2-R,cloransulam,1,3x,6,1,0
2,AT2-R,cloransulam,1,3x,7,6,0.907
2,AT2-R,cloransulam,1,3x,8,1,0
2,AT4-R,control,0,1x,1,10,2.779
2,AT4-R,control,0,1x,2,10,3.614
2,AT4-R,control,0,1x,3,10,2.551
2,AT4-R,control,0,1x,4,10,3.014
2,AT4-R,cloransulam,1,1x,1,8,1.782
2,AT4-R,cloransulam,1,1x,2,9,2.417
2,AT4-R,cloransulam,1,1x,3,8,1.015
2,AT4-R,cloransulam,1,1x,4,8,0.822
2,AT4-R,cloransulam,1,1x,5,8,1.841
2,AT4-R,cloransulam,1,1x,6,9,2.042
2,AT4-R,cloransulam,1,1x,7,8,2.173
2,AT4-R,cloransulam,1,1x,8,9,2.713
2,AT4-R,cloransulam,1,3x,1,8,2.582
2,AT4-R,cloransulam,1,3x,2,4,0.532
2,AT4-R,cloransulam,1,3x,3,1,0
2,AT4-R,cloransulam,1,3x,4,8,1.781
2,AT4-R,cloransulam,1,3x,5,7,1.018
2,AT4-R,cloransulam,1,3x,6,7,0.655
2,AT4-R,cloransulam,1,3x,7,8,2.023
2,AT4-R,cloransulam,1,3x,8,4,0.687
2,AT5-R,control,0,1x,1,10,2.788
2,AT5-R,control,0,1x,2,10,2.66
2,AT5-R,control,0,1x,3,10,2.685
2,AT5-R,control,0,1x,4,10,2.75
2,AT5-R,cloransulam,1,1x,1,1,0
2,AT5-R,cloransulam,1,1x,2,8,1.709
2,AT5-R,cloransulam,1,1x,3,8,1.888
2,AT5-R,cloransulam,1,1x,4,8,1.774
2,AT5-R,cloransulam,1,1x,5,2,0.172
2,AT5-R,cloransulam,1,1x,6,7,1.732
2,AT5-R,cloransulam,1,1x,7,1,0
2,AT5-R,cloransulam,1,1x,8,1,0
2,AT5-R,cloransulam,1,3x,1,2,0.291
2,AT5-R,cloransulam,1,3x,2,1,0
2,AT5-R,cloransulam,1,3x,3,1,0
2,AT5-R,cloransulam,1,3x,4,2,0.116
2,AT5-R,cloransulam,1,3x,5,8,2.071
2,AT5-R,cloransulam,1,3x,6,1,0
2,AT5-R,cloransulam,1,3x,7,7,0.574
2,AT5-R,cloransulam,1,3x,8,2,0.257
2,AT6-R,control,0,1x,1,10,3.924
2,AT6-R,control,0,1x,2,10,3.653
2,AT6-R,control,0,1x,3,10,3.12
2,AT6-R,control,0,1x,4,,
2,AT6-R,cloransulam,1,1x,1,7,0.678
2,AT6-R,cloransulam,1,1x,2,9,2.138
2,AT6-R,cloransulam,1,1x,3,8,1.914
2,AT6-R,cloransulam,1,1x,4,,
2,AT6-R,cloransulam,1,1x,5,,
2,AT6-R,cloransulam,1,1x,6,,
2,AT6-R,cloransulam,1,1x,7,,
2,AT6-R,cloransulam,1,1x,8,,
2,AT6-R,cloransulam,1,3x,1,8,2.442
2,AT6-R,cloransulam,1,3x,2,1,0
2,AT6-R,cloransulam,1,3x,3,1,0
2,AT6-R,cloransulam,1,3x,4,,
2,AT6-R,cloransulam,1,3x,5,,
2,AT6-R,cloransulam,1,3x,6,,
2,AT6-R,cloransulam,1,3x,7,,
2,AT6-R,cloransulam,1,3x,8,,
2,AT8-R,control,0,1x,1,10,3.313
2,AT8-R,control,0,1x,2,10,2.322
2,AT8-R,control,0,1x,3,10,2.452
2,AT8-R,control,0,1x,4,,
2,AT8-R,cloransulam,1,1x,1,2,0.291
2,AT8-R,cloransulam,1,1x,2,2,0.114
2,AT8-R,cloransulam,1,1x,3,1,0
2,AT8-R,cloransulam,1,1x,4,1,0
2,AT8-R,cloransulam,1,1x,5,2,0.086
2,AT8-R,cloransulam,1,1x,6,,
2,AT8-R,cloransulam,1,1x,7,,
2,AT8-R,cloransulam,1,1x,8,,
2,AT8-R,cloransulam,1,3x,1,,
2,AT8-R,cloransulam,1,3x,2,,
2,AT8-R,cloransulam,1,3x,3,,
2,AT8-R,cloransulam,1,3x,4,,
2,AT8-R,cloransulam,1,3x,5,,
2,AT8-R,cloransulam,1,3x,6,,
2,AT8-R,cloransulam,1,3x,7,,
2,AT8-R,cloransulam,1,3x,8,,
2,AT10,control,0,1x,1,10,2.499
2,AT10,control,0,1x,2,10,2.649
2,AT10,control,0,1x,3,10,2.478
2,AT10,control,0,1x,4,10,2.615
2,AT10,cloransulam,1,1x,1,8,1.882
2,AT10,cloransulam,1,1x,2,1,0
2,AT10,cloransulam,1,1x,3,7,0.867
2,AT10,cloransulam,1,1x,4,1,0
2,AT10,cloransulam,1,1x,5,7,1.057
2,AT10,cloransulam,1,1x,6,8,2.093
2,AT10,cloransulam,1,1x,7,1,0
2,AT10,cloransulam,1,1x,8,1,0
2,AT10,cloransulam,1,3x,1,1,0
2,AT10,cloransulam,1,3x,2,8,0.993
2,AT10,cloransulam,1,3x,3,5,1.002
2,AT10,cloransulam,1,3x,4,1,0
2,AT10,cloransulam,1,3x,5,8,1.927
2,AT10,cloransulam,1,3x,6,4,0.715
2,AT10,cloransulam,1,3x,7,1,0
2,AT10,cloransulam,1,3x,8,1,0
2,ATBP-S,control,0,1x,1,10,3.414
2,ATBP-S,control,0,1x,2,10,3.363
2,ATBP-S,control,0,1x,3,10,2.065
2,ATBP-S,control,0,1x,4,10,2.636
2,ATBP-S,cloransulam,1,1x,1,1,0
2,ATBP-S,cloransulam,1,1x,2,1,0
2,ATBP-S,cloransulam,1,1x,3,2,0.135
2,ATBP-S,cloransulam,1,1x,4,2,0.181
2,ATBP-S,cloransulam,1,1x,5,2,0.203
2,ATBP-S,cloransulam,1,1x,6,1,0
2,ATBP-S,cloransulam,1,1x,7,1,0
2,ATBP-S,cloransulam,1,1x,8,1,0
2,ATBP-S,cloransulam,1,3x,1,2,0.136
2,ATBP-S,cloransulam,1,3x,2,1,0
2,ATBP-S,cloransulam,1,3x,3,1,0
2,ATBP-S,cloransulam,1,3x,4,1,0
2,ATBP-S,cloransulam,1,3x,5,1,0
2,ATBP-S,cloransulam,1,3x,6,1,0
2,ATBP-S,cloransulam,1,3x,7,1,0
2,ATBP-S,cloransulam,1,3x,8,1,0
1,AT1-R,control,0,3x,1,10,2.373
1,AT1-R,control,0,3x,2,10,1.93
1,AT1-R,control,0,3x,3,10,2.494
1,AT1-R,control,0,3x,4,,
1,AT2-R,control,0,3x,1,10,2.021
1,AT2-R,control,0,3x,2,10,1.534
1,AT2-R,control,0,3x,3,10,1.205
1,AT2-R,control,0,3x,4,,
1,AT4-R,control,0,3x,1,10,2.185
1,AT4-R,control,0,3x,2,10,2.074
1,AT4-R,control,0,3x,3,10,1.349
1,AT4-R,control,0,3x,4,10,1.843
1,AT5-R,control,0,3x,1,10,1.453
1,AT5-R,control,0,3x,2,10,1.177
1,AT5-R,control,0,3x,3,10,1.894
1,AT5-R,control,0,3x,4,10,1.764
1,AT6-R,control,0,3x,1,10,2.077
1,AT6-R,control,0,3x,2,10,0.807
1,AT6-R,control,0,3x,3,,
1,AT6-R,control,0,3x,4,,
1,AT8-R,control,0,3x,1,10,2.249
1,AT8-R,control,0,3x,2,10,1.945
1,AT8-R,control,0,3x,3,10,2.196
1,AT8-R,control,0,3x,4,,
1,AT8-S,control,0,3x,1,10,2.566
1,AT8-S,control,0,3x,2,10,1.996
1,AT8-S,control,0,3x,3,10,1.815
1,AT8-S,control,0,3x,4,10,2.186
1,AT10,control,0,3x,1,10,1.456
1,AT10,control,0,3x,2,10,2.216
1,AT10,control,0,3x,3,10,1.302
1,AT10,control,0,3x,4,10,1.545
1,ATBP-S,control,0,3x,1,10,2.781
1,ATBP-S,control,0,3x,2,10,1.709
1,ATBP-S,control,0,3x,3,10,1.83
1,ATBP-S,control,0,3x,4,10,2.545
2,AT1-R,control,0,3x,1,10,1.842
2,AT1-R,control,0,3x,2,10,2.447
2,AT1-R,control,0,3x,3,10,2.525
2,AT1-R,control,0,3x,4,,
2,AT2-R,control,0,3x,1,10,3.048
2,AT2-R,control,0,3x,2,10,3.12
2,AT2-R,control,0,3x,3,10,3.106
2,AT2-R,control,0,3x,4,10,2.936
2,AT4-R,control,0,3x,1,10,2.779
2,AT4-R,control,0,3x,2,10,3.614
2,AT4-R,control,0,3x,3,10,2.551
2,AT4-R,control,0,3x,4,10,3.014
2,AT5-R,control,0,3x,1,10,2.788
2,AT5-R,control,0,3x,2,10,2.66
2,AT5-R,control,0,3x,3,10,2.685
2,AT5-R,control,0,3x,4,10,2.75
2,AT6-R,control,0,3x,1,10,3.924
2,AT6-R,control,0,3x,2,10,3.653
2,AT6-R,control,0,3x,3,10,3.12
2,AT6-R,control,0,3x,4,,
2,AT8-R,control,0,3x,1,10,3.313
2,AT8-R,control,0,3x,2,10,2.322
2,AT8-R,control,0,3x,3,10,2.452
2,AT8-R,control,0,3x,4,,
2,AT10,control,0,3x,1,10,2.499
2,AT10,control,0,3x,2,10,2.649
2,AT10,control,0,3x,3,10,2.478
2,AT10,control,0,3x,4,10,2.615
2,ATBP-S,control,0,3x,1,10,3.414
2,ATBP-S,control,0,3x,2,10,3.363
2,ATBP-S,control,0,3x,3,10,2.065
2,ATBP-S,control,0,3x,4,10,2.636
1,AT1-R,control,0,1x,1,10,1.424
1,AT1-R,control,0,1x,2,10,1.987
1,AT1-R,control,0,1x,3,,
1,AT1-R,control,0,1x,4,,
1,AT1-R,fomesafen,3,1x,1,1,0
1,AT1-R,fomesafen,3,1x,2,1,0
1,AT1-R,fomesafen,3,1x,3,,
1,AT1-R,fomesafen,3,1x,4,,
1,AT1-R,fomesafen,3,1x,5,,
1,AT1-R,fomesafen,3,1x,6,,
1,AT1-R,fomesafen,3,1x,7,,
1,AT1-R,fomesafen,3,1x,8,,
1,AT1-R,fomesafen,3,3x,1,,
1,AT1-R,fomesafen,3,3x,2,,
1,AT1-R,fomesafen,3,3x,3,,
1,AT1-R,fomesafen,3,3x,4,,
1,AT1-R,fomesafen,3,3x,5,,
1,AT1-R,fomesafen,3,3x,6,,
1,AT1-R,fomesafen,3,3x,7,,
1,AT1-R,fomesafen,3,3x,8,,
1,AT2-R,control,0,1x,1,10,2.069
1,AT2-R,control,0,1x,2,10,2.075
1,AT2-R,control,0,1x,3,,
1,AT2-R,control,0,1x,4,,
1,AT2-R,fomesafen,3,1x,1,2,0.058
1,AT2-R,fomesafen,3,1x,2,7,0.421
1,AT2-R,fomesafen,3,1x,3,7,0.083
1,AT2-R,fomesafen,3,1x,4,,
1,AT2-R,fomesafen,3,1x,5,,
1,AT2-R,fomesafen,3,1x,6,,
1,AT2-R,fomesafen,3,1x,7,,
1,AT2-R,fomesafen,3,1x,8,,
1,AT2-R,fomesafen,3,3x,1,1,0
1,AT2-R,fomesafen,3,3x,2,1,0
1,AT2-R,fomesafen,3,3x,3,5,0.1
1,AT2-R,fomesafen,3,3x,4,,
1,AT2-R,fomesafen,3,3x,5,,
1,AT2-R,fomesafen,3,3x,6,,
1,AT2-R,fomesafen,3,3x,7,,
1,AT2-R,fomesafen,3,3x,8,,
1,AT4-R,control,0,1x,1,10,2.575
1,AT4-R,control,0,1x,2,10,1.828
1,AT4-R,control,0,1x,3,,
1,AT4-R,control,0,1x,4,,
1,AT4-R,fomesafen,3,1x,1,1,0
1,AT4-R,fomesafen,3,1x,2,1,0
1,AT4-R,fomesafen,3,1x,3,1,0
1,AT4-R,fomesafen,3,1x,4,,
1,AT4-R,fomesafen,3,1x,5,,
1,AT4-R,fomesafen,3,1x,6,,
1,AT4-R,fomesafen,3,1x,7,,
1,AT4-R,fomesafen,3,1x,8,,
1,AT4-R,fomesafen,3,3x,1,,
1,AT4-R,fomesafen,3,3x,2,,
1,AT4-R,fomesafen,3,3x,3,,
1,AT4-R,fomesafen,3,3x,4,,
1,AT4-R,fomesafen,3,3x,5,,
1,AT4-R,fomesafen,3,3x,6,,
1,AT4-R,fomesafen,3,3x,7,,
1,AT4-R,fomesafen,3,3x,8,,
1,AT5-R,control,0,1x,1,10,1.667
1,AT5-R,control,0,1x,2,10,2.63
1,AT5-R,control,0,1x,3,10,2.095
1,AT5-R,control,0,1x,4,10,2.544
1,AT5-R,fomesafen,3,1x,1,1,0
1,AT5-R,fomesafen,3,1x,2,1,0
1,AT5-R,fomesafen,3,1x,3,1,0
1,AT5-R,fomesafen,3,1x,4,1,0
1,AT5-R,fomesafen,3,1x,5,1,0
1,AT5-R,fomesafen,3,1x,6,1,0
1,AT5-R,fomesafen,3,1x,7,1,0
1,AT5-R,fomesafen,3,1x,8,1,0
1,AT5-R,fomesafen,3,3x,1,1,0
1,AT5-R,fomesafen,3,3x,2,1,0
1,AT5-R,fomesafen,3,3x,3,1,0
1,AT5-R,fomesafen,3,3x,4,1,0
1,AT5-R,fomesafen,3,3x,5,1,0
1,AT5-R,fomesafen,3,3x,6,1,0
1,AT5-R,fomesafen,3,3x,7,1,0
1,AT5-R,fomesafen,3,3x,8,1,0
1,AT6-R,control,0,1x,1,10,1.31
1,AT6-R,control,0,1x,2,10,1.778
1,AT6-R,control,0,1x,3,,
1,AT6-R,control,0,1x,4,,
1,AT6-R,fomesafen,3,1x,1,1,0
1,AT6-R,fomesafen,3,1x,2,1,0
1,AT6-R,fomesafen,3,1x,3,1,0
1,AT6-R,fomesafen,3,1x,4,,
1,AT6-R,fomesafen,3,1x,5,,
1,AT6-R,fomesafen,3,1x,6,,
1,AT6-R,fomesafen,3,1x,7,,
1,AT6-R,fomesafen,3,1x,8,,
1,AT6-R,fomesafen,3,3x,1,,
1,AT6-R,fomesafen,3,3x,2,,
1,AT6-R,fomesafen,3,3x,3,,
1,AT6-R,fomesafen,3,3x,4,,
1,AT6-R,fomesafen,3,3x,5,,
1,AT6-R,fomesafen,3,3x,6,,
1,AT6-R,fomesafen,3,3x,7,,
1,AT6-R,fomesafen,3,3x,8,,
1,AT8-R,control,0,1x,1,10,1.291
1,AT8-R,control,0,1x,2,10,1.43
1,AT8-R,control,0,1x,3,10,1.8
1,AT8-R,control,0,1x,4,,
1,AT8-R,fomesafen,3,1x,1,1,0
1,AT8-R,fomesafen,3,1x,2,1,0
1,AT8-R,fomesafen,3,1x,3,1,0
1,AT8-R,fomesafen,3,1x,4,,
1,AT8-R,fomesafen,3,1x,5,,
1,AT8-R,fomesafen,3,1x,6,,
1,AT8-R,fomesafen,3,1x,7,,
1,AT8-R,fomesafen,3,1x,8,,
1,AT8-R,fomesafen,3,3x,1,,
1,AT8-R,fomesafen,3,3x,2,,
1,AT8-R,fomesafen,3,3x,3,,
1,AT8-R,fomesafen,3,3x,4,,
1,AT8-R,fomesafen,3,3x,5,,
1,AT8-R,fomesafen,3,3x,6,,
1,AT8-R,fomesafen,3,3x,7,,
1,AT8-R,fomesafen,3,3x,8,,
1,AT10,control,0,1x,1,10,1.78
1,AT10,control,0,1x,2,10,1.615
1,AT10,control,0,1x,3,10,1.19
1,AT10,control,0,1x,4,10,1.539
1,AT10,fomesafen,3,1x,1,1,0
1,AT10,fomesafen,3,1x,2,1,0
1,AT10,fomesafen,3,1x,3,1,0
1,AT10,fomesafen,3,1x,4,1,0
1,AT10,fomesafen,3,1x,5,1,0
1,AT10,fomesafen,3,1x,6,1,0
1,AT10,fomesafen,3,1x,7,,
1,AT10,fomesafen,3,1x,8,,
1,AT10,fomesafen,3,3x,1,1,0
1,AT10,fomesafen,3,3x,2,1,0
1,AT10,fomesafen,3,3x,3,1,0
1,AT10,fomesafen,3,3x,4,1,0
1,AT10,fomesafen,3,3x,5,1,0
1,AT10,fomesafen,3,3x,6,1,0
1,AT10,fomesafen,3,3x,7,,
1,AT10,fomesafen,3,3x,8,,
1,ATBP-S,control,0,1x,1,10,2.338
1,ATBP-S,control,0,1x,2,10,2.06
1,ATBP-S,control,0,1x,3,10,2.313
1,ATBP-S,control,0,1x,4,,
1,ATBP-S,fomesafen,3,1x,1,1,0
1,ATBP-S,fomesafen,3,1x,2,1,0
1,ATBP-S,fomesafen,3,1x,3,1,0
1,ATBP-S,fomesafen,3,1x,4,,
1,ATBP-S,fomesafen,3,1x,5,,
1,ATBP-S,fomesafen,3,1x,6,,
1,ATBP-S,fomesafen,3,1x,7,,
1,ATBP-S,fomesafen,3,1x,8,,
1,ATBP-S,fomesafen,3,3x,1,1,0
1,ATBP-S,fomesafen,3,3x,2,1,0
1,ATBP-S,fomesafen,3,3x,3,1,0
1,ATBP-S,fomesafen,3,3x,4,,
1,ATBP-S,fomesafen,3,3x,5,,
1,ATBP-S,fomesafen,3,3x,6,,
1,ATBP-S,fomesafen,3,3x,7,,
1,ATBP-S,fomesafen,3,3x,8,,
2,AT1-R,control,0,1x,1,10,2.648
2,AT1-R,control,0,1x,2,10,3.113
2,AT1-R,control,0,1x,3,10,2.447
2,AT1-R,control,0,1x,4,10,2.881
2,AT1-R,fomesafen,3,1x,1,1,0
2,AT1-R,fomesafen,3,1x,2,1,0
2,AT1-R,fomesafen,3,1x,3,1,0
2,AT1-R,fomesafen,3,1x,4,1,0
2,AT1-R,fomesafen,3,1x,5,1,0
2,AT1-R,fomesafen,3,1x,6,1,0
2,AT1-R,fomesafen,3,1x,7,1,0
2,AT1-R,fomesafen,3,1x,8,1,0
2,AT1-R,fomesafen,3,3x,1,1,0
2,AT1-R,fomesafen,3,3x,2,1,0
2,AT1-R,fomesafen,3,3x,3,1,0
2,AT1-R,fomesafen,3,3x,4,1,0
2,AT1-R,fomesafen,3,3x,5,1,0
2,AT1-R,fomesafen,3,3x,6,1,0
2,AT1-R,fomesafen,3,3x,7,1,0
2,AT1-R,fomesafen,3,3x,8,1,0
2,AT2-R,control,0,1x,1,10,1.985
2,AT2-R,control,0,1x,2,10,2.486
2,AT2-R,control,0,1x,3,10,2.791
2,AT2-R,control,0,1x,4,10,3.207
2,AT2-R,fomesafen,3,1x,1,7,0.141
2,AT2-R,fomesafen,3,1x,2,8,0.894
2,AT2-R,fomesafen,3,1x,3,1,0
2,AT2-R,fomesafen,3,1x,4,1,0
2,AT2-R,fomesafen,3,1x,5,1,0
2,AT2-R,fomesafen,3,1x,6,7,0.26
2,AT2-R,fomesafen,3,1x,7,8,0.298
2,AT2-R,fomesafen,3,1x,8,8,0.319
2,AT2-R,fomesafen,3,3x,1,6,0.161
2,AT2-R,fomesafen,3,3x,2,1,0
2,AT2-R,fomesafen,3,3x,3,7,0.081
2,AT2-R,fomesafen,3,3x,4,1,0
2,AT2-R,fomesafen,3,3x,5,1,0
2,AT2-R,fomesafen,3,3x,6,7,0.118
2,AT2-R,fomesafen,3,3x,7,1,0
2,AT2-R,fomesafen,3,3x,8,1,0
2,AT4-R,control,0,1x,1,10,3.534
2,AT4-R,control,0,1x,2,10,2.634
2,AT4-R,control,0,1x,3,10,4.122
2,AT4-R,control,0,1x,4,10,3.703
2,AT4-R,fomesafen,3,1x,1,1,0
2,AT4-R,fomesafen,3,1x,2,1,0
2,AT4-R,fomesafen,3,1x,3,1,0
2,AT4-R,fomesafen,3,1x,4,1,0
2,AT4-R,fomesafen,3,1x,5,1,0
2,AT4-R,fomesafen,3,1x,6,1,0
2,AT4-R,fomesafen,3,1x,7,1,0
2,AT4-R,fomesafen,3,1x,8,1,0
2,AT4-R,fomesafen,3,3x,1,1,0
2,AT4-R,fomesafen,3,3x,2,1,0
2,AT4-R,fomesafen,3,3x,3,1,0
2,AT4-R,fomesafen,3,3x,4,1,0
2,AT4-R,fomesafen,3,3x,5,1,0
2,AT4-R,fomesafen,3,3x,6,1,0
2,AT4-R,fomesafen,3,3x,7,1,0
2,AT4-R,fomesafen,3,3x,8,1,0
2,AT5-R,control,0,1x,1,10,2.108
2,AT5-R,control,0,1x,2,10,2.32
2,AT5-R,control,0,1x,3,10,2.378
2,AT5-R,control,0,1x,4,10,2.53
2,AT5-R,fomesafen,3,1x,1,1,0
2,AT5-R,fomesafen,3,1x,2,1,0
2,AT5-R,fomesafen,3,1x,3,1,0
2,AT5-R,fomesafen,3,1x,4,1,0
2,AT5-R,fomesafen,3,1x,5,1,0
2,AT5-R,fomesafen,3,1x,6,1,0
2,AT5-R,fomesafen,3,1x,7,1,0
2,AT5-R,fomesafen,3,1x,8,1,0
2,AT5-R,fomesafen,3,3x,1,1,0
2,AT5-R,fomesafen,3,3x,2,1,0
2,AT5-R,fomesafen,3,3x,3,1,0
2,AT5-R,fomesafen,3,3x,4,1,0
2,AT5-R,fomesafen,3,3x,5,1,0
2,AT5-R,fomesafen,3,3x,6,1,0
2,AT5-R,fomesafen,3,3x,7,1,0
2,AT5-R,fomesafen,3,3x,8,1,0
2,AT6-R,control,0,1x,1,10,2.631
2,AT6-R,control,0,1x,2,10,2.28
2,AT6-R,control,0,1x,3,10,1.693
2,AT6-R,control,0,1x,4,10,0.902
2,AT6-R,fomesafen,3,1x,1,1,0
2,AT6-R,fomesafen,3,1x,2,1,0
2,AT6-R,fomesafen,3,1x,3,1,0
2,AT6-R,fomesafen,3,1x,4,1,0
2,AT6-R,fomesafen,3,1x,5,,
2,AT6-R,fomesafen,3,1x,6,,
2,AT6-R,fomesafen,3,1x,7,,
2,AT6-R,fomesafen,3,1x,8,,
2,AT6-R,fomesafen,3,3x,1,1,0
2,AT6-R,fomesafen,3,3x,2,1,0
2,AT6-R,fomesafen,3,3x,3,1,0
2,AT6-R,fomesafen,3,3x,4,1,0
2,AT6-R,fomesafen,3,3x,5,,
2,AT6-R,fomesafen,3,3x,6,,
2,AT6-R,fomesafen,3,3x,7,,
2,AT6-R,fomesafen,3,3x,8,,
2,AT8-R,control,0,1x,1,10,3.132
2,AT8-R,control,0,1x,2,10,3.188
2,AT8-R,control,0,1x,3,10,4.154
2,AT8-R,control,0,1x,4,10,3.122
2,AT8-R,fomesafen,3,1x,1,1,0
2,AT8-R,fomesafen,3,1x,2,1,0
2,AT8-R,fomesafen,3,1x,3,1,0
2,AT8-R,fomesafen,3,1x,4,1,0
2,AT8-R,fomesafen,3,1x,5,1,0
2,AT8-R,fomesafen,3,1x,6,1,0
2,AT8-R,fomesafen,3,1x,7,1,0
2,AT8-R,fomesafen,3,1x,8,1,0
2,AT8-R,fomesafen,3,3x,1,1,0
2,AT8-R,fomesafen,3,3x,2,1,0
2,AT8-R,fomesafen,3,3x,3,1,0
2,AT8-R,fomesafen,3,3x,4,1,0
2,AT8-R,fomesafen,3,3x,5,1,0
2,AT8-R,fomesafen,3,3x,6,1,0
2,AT8-R,fomesafen,3,3x,7,1,0
2,AT8-R,fomesafen,3,3x,8,1,0
2,AT10,control,0,1x,1,10,2.542
2,AT10,control,0,1x,2,10,4.191
2,AT10,control,0,1x,3,10,2.731
2,AT10,control,0,1x,4,10,3.72
2,AT10,fomesafen,3,1x,1,1,0
2,AT10,fomesafen,3,1x,2,1,0
2,AT10,fomesafen,3,1x,3,1,0
2,AT10,fomesafen,3,1x,4,1,0
2,AT10,fomesafen,3,1x,5,1,0
2,AT10,fomesafen,3,1x,6,1,0
2,AT10,fomesafen,3,1x,7,1,0
2,AT10,fomesafen,3,1x,8,1,0
2,AT10,fomesafen,3,3x,1,1,0
2,AT10,fomesafen,3,3x,2,1,0
2,AT10,fomesafen,3,3x,3,1,0
2,AT10,fomesafen,3,3x,4,1,0
2,AT10,fomesafen,3,3x,5,1,0
2,AT10,fomesafen,3,3x,6,1,0
2,AT10,fomesafen,3,3x,7,1,0
2,AT10,fomesafen,3,3x,8,1,0
2,ATBP-S,control,0,1x,1,10,3.21
2,ATBP-S,control,0,1x,2,10,3.041
2,ATBP-S,control,0,1x,3,10,4.165
2,ATBP-S,control,0,1x,4,10,3.936
2,ATBP-S,fomesafen,3,1x,1,1,0
2,ATBP-S,fomesafen,3,1x,2,1,0
2,ATBP-S,fomesafen,3,1x,3,1,0
2,ATBP-S,fomesafen,3,1x,4,1,0
2,ATBP-S,fomesafen,3,1x,5,1,0
2,ATBP-S,fomesafen,3,1x,6,1,0
2,ATBP-S,fomesafen,3,1x,7,1,0
2,ATBP-S,fomesafen,3,1x,8,1,0
2,ATBP-S,fomesafen,3,3x,1,1,0
2,ATBP-S,fomesafen,3,3x,2,1,0
2,ATBP-S,fomesafen,3,3x,3,1,0
2,ATBP-S,fomesafen,3,3x,4,1,0
2,ATBP-S,fomesafen,3,3x,5,1,0
2,ATBP-S,fomesafen,3,3x,6,1,0
2,ATBP-S,fomesafen,3,3x,7,1,0
2,ATBP-S,fomesafen,3,3x,8,1,0
1,AT1-R,control,0,3x,1,10,1.424
1,AT1-R,control,0,3x,2,10,1.987
1,AT1-R,control,0,3x,3,,
1,AT1-R,control,0,3x,4,,
1,AT2-R,control,0,3x,1,10,2.069
1,AT2-R,control,0,3x,2,10,2.075
1,AT2-R,control,0,3x,3,,
1,AT2-R,control,0,3x,4,,
1,AT4-R,control,0,3x,1,10,2.575
1,AT4-R,control,0,3x,2,10,1.828
1,AT4-R,control,0,3x,3,,
1,AT4-R,control,0,3x,4,,
1,AT5-R,control,0,3x,1,10,1.667
1,AT5-R,control,0,3x,2,10,2.63
1,AT5-R,control,0,3x,3,10,2.095
1,AT5-R,control,0,3x,4,10,2.544
1,AT6-R,control,0,3x,1,10,1.31
1,AT6-R,control,0,3x,2,10,1.778
1,AT6-R,control,0,3x,3,,
1,AT6-R,control,0,3x,4,,
1,AT8-R,control,0,3x,1,10,1.291
1,AT8-R,control,0,3x,2,10,1.43
1,AT8-R,control,0,3x,3,10,1.8
1,AT8-R,control,0,3x,4,,
1,AT10,control,0,3x,1,10,1.78
1,AT10,control,0,3x,2,10,1.615
1,AT10,control,0,3x,3,10,1.19
1,AT10,control,0,3x,4,10,1.539
1,ATBP-S,control,0,3x,1,10,2.338
1,ATBP-S,control,0,3x,2,10,2.06
1,ATBP-S,control,0,3x,3,10,2.313
1,ATBP-S,control,0,3x,4,,
2,AT1-R,control,0,3x,1,10,2.648
2,AT1-R,control,0,3x,2,10,3.113
2,AT1-R,control,0,3x,3,10,2.447
2,AT1-R,control,0,3x,4,10,2.881
2,AT2-R,control,0,3x,1,10,1.985
2,AT2-R,control,0,3x,2,10,2.486
2,AT2-R,control,0,3x,3,10,2.791
2,AT2-R,control,0,3x,4,10,3.207
2,AT4-R,control,0,3x,1,10,3.534
2,AT4-R,control,0,3x,2,10,2.634
2,AT4-R,control,0,3x,3,10,4.122
2,AT4-R,control,0,3x,4,10,3.703
2,AT5-R,control,0,3x,1,10,2.108
2,AT5-R,control,0,3x,2,10,2.32
2,AT5-R,control,0,3x,3,10,2.378
2,AT5-R,control,0,3x,4,10,2.53
2,AT6-R,control,0,3x,1,10,2.631
2,AT6-R,control,0,3x,2,10,2.28
2,AT6-R,control,0,3x,3,10,1.693
2,AT6-R,control,0,3x,4,10,0.902
2,AT8-R,control,0,3x,1,10,3.132
2,AT8-R,control,0,3x,2,10,3.188
2,AT8-R,control,0,3x,3,10,4.154
2,AT8-R,control,0,3x,4,10,3.122
2,AT10,control,0,3x,1,10,2.542
2,AT10,control,0,3x,2,10,4.191
2,AT10,control,0,3x,3,10,2.731
2,AT10,control,0,3x,4,10,3.72
2,ATBP-S,control,0,3x,1,10,3.21
2,ATBP-S,control,0,3x,2,10,3.041
2,ATBP-S,control,0,3x,3,10,4.165
2,ATBP-S,control,0,3x,4,10,3.936
