exp,id,run,pop,herb,dose,rate,temp,rep,surv,biomass
GC,1,1,A82,atra,0x,0,elevated,1,1,1.97
GC,2,1,A82,atra,0x,0,elevated,2,1,0.598
GC,3,1,A82,atra,0x,0,elevated,3,1,1.186
GC,4,1,A82,atra,0x,0,elevated,4,1,1.449
GC,5,1,A82,atra,0.015x,18,elevated,1,1,0.919
GC,6,1,A82,atra,0.015x,18,elevated,2,1,1.229
GC,7,1,A82,atra,0.015x,18,elevated,3,1,1.37
GC,8,1,A82,atra,0.015x,18,elevated,4,1,1.407
GC,9,1,A82,atra,0.031x,35,elevated,1,1,2.25
GC,10,1,A82,atra,0.031x,35,elevated,2,1,1.039
GC,11,1,A82,atra,0.031x,35,elevated,3,1,1.982
GC,12,1,A82,atra,0.031x,35,elevated,4,1,2.072
GC,13,1,A82,atra,0.062x,70,elevated,1,1,1.268
GC,14,1,A82,atra,0.062x,70,elevated,2,1,1.016
GC,15,1,A82,atra,0.062x,70,elevated,3,1,1.389
GC,16,1,A82,atra,0.062x,70,elevated,4,1,1.313
GC,17,1,A82,atra,0.125x,140,elevated,1,1,2.81
GC,18,1,A82,atra,0.125x,140,elevated,2,1,0.82
GC,19,1,A82,atra,0.125x,140,elevated,3,1,2.16
GC,20,1,A82,atra,0.125x,140,elevated,4,1,1.597
GC,21,1,A82,atra,0.25x,280,elevated,1,1,0.246
GC,22,1,A82,atra,0.25x,280,elevated,2,1,0.056
GC,23,1,A82,atra,0.25x,280,elevated,3,1,2.303
GC,24,1,A82,atra,0.25x,280,elevated,4,1,0.98
GC,25,1,A82,atra,0.5x,561,elevated,1,1,2.458
GC,26,1,A82,atra,0.5x,561,elevated,2,1,0.259
GC,27,1,A82,atra,0.5x,561,elevated,3,0,0
GC,28,1,A82,atra,0.5x,561,elevated,4,1,1.478
GC,29,1,A82,atra,1x,1121,elevated,1,0,0
GC,30,1,A82,atra,1x,1121,elevated,2,1,1.415
GC,31,1,A82,atra,1x,1121,elevated,3,0,0
GC,32,1,A82,atra,1x,1121,elevated,4,0,0
GC,33,1,A82,atra,2x,2242,elevated,1,0,0
GC,34,1,A82,atra,2x,2242,elevated,2,0,0
GC,35,1,A82,atra,2x,2242,elevated,3,0,0
GC,36,1,A82,atra,2x,2242,elevated,4,0,0
GC,37,1,A82,atra,4x,4484,elevated,1,0,0
GC,38,1,A82,atra,4x,4484,elevated,2,0,0
GC,39,1,A82,atra,4x,4484,elevated,3,0,0
GC,40,1,A82,atra,4x,4484,elevated,4,0,0
GC,41,1,A82,atra,0x,0,ambient,1,1,1.809
GC,42,1,A82,atra,0x,0,ambient,2,1,0.655
GC,43,1,A82,atra,0x,0,ambient,3,1,1.14
GC,44,1,A82,atra,0x,0,ambient,4,1,1.447
GC,45,1,A82,atra,0.015x,18,ambient,1,1,1.371
GC,46,1,A82,atra,0.015x,18,ambient,2,1,1.505
GC,47,1,A82,atra,0.015x,18,ambient,3,1,2.202
GC,48,1,A82,atra,0.015x,18,ambient,4,1,1.932
GC,49,1,A82,atra,0.031x,35,ambient,1,1,0.872
GC,50,1,A82,atra,0.031x,35,ambient,2,1,1.738
GC,51,1,A82,atra,0.031x,35,ambient,3,1,1.922
GC,52,1,A82,atra,0.031x,35,ambient,4,1,0.94
GC,53,1,A82,atra,0.062x,70,ambient,1,1,1.306
GC,54,1,A82,atra,0.062x,70,ambient,2,1,0.828
GC,55,1,A82,atra,0.062x,70,ambient,3,1,1.029
GC,56,1,A82,atra,0.062x,70,ambient,4,1,0.599
GC,57,1,A82,atra,0.125x,140,ambient,1,1,0.44
GC,58,1,A82,atra,0.125x,140,ambient,2,1,0.354
GC,59,1,A82,atra,0.125x,140,ambient,3,1,1
GC,60,1,A82,atra,0.125x,140,ambient,4,1,0.526
GC,61,1,A82,atra,0.25x,280,ambient,1,1,0.062
GC,62,1,A82,atra,0.25x,280,ambient,2,1,1.087
GC,63,1,A82,atra,0.25x,280,ambient,3,0,0
GC,64,1,A82,atra,0.25x,280,ambient,4,1,1.22
GC,65,1,A82,atra,0.5x,561,ambient,1,0,0
GC,66,1,A82,atra,0.5x,561,ambient,2,0,0
GC,67,1,A82,atra,0.5x,561,ambient,3,0,0
GC,68,1,A82,atra,0.5x,561,ambient,4,0,0
GC,69,1,A82,atra,1x,1121,ambient,1,0,0
GC,70,1,A82,atra,1x,1121,ambient,2,0,0
GC,71,1,A82,atra,1x,1121,ambient,3,1,0.202
GC,72,1,A82,atra,1x,1121,ambient,4,0,0
GC,73,1,A82,atra,2x,2242,ambient,1,0,0
GC,74,1,A82,atra,2x,2242,ambient,2,0,0
GC,75,1,A82,atra,2x,2242,ambient,3,1,0.171
GC,76,1,A82,atra,2x,2242,ambient,4,0,0
GC,77,1,A82,atra,4x,4484,ambient,1,0,0
GC,78,1,A82,atra,4x,4484,ambient,2,0,0
GC,79,1,A82,atra,4x,4484,ambient,3,0,0
GC,80,1,A82,atra,4x,4484,ambient,4,0,0
GC,81,1,A101,atra,0x,0,elevated,1,1,0.996
GC,82,1,A101,atra,0x,0,elevated,2,,
GC,83,1,A101,atra,0x,0,elevated,3,1,1.177
GC,84,1,A101,atra,0x,0,elevated,4,1,0.936
GC,85,1,A101,atra,0.015x,18,elevated,1,1,0.745
GC,86,1,A101,atra,0.015x,18,elevated,2,1,0.74
GC,87,1,A101,atra,0.015x,18,elevated,3,1,2.054
GC,88,1,A101,atra,0.015x,18,elevated,4,1,1.009
GC,89,1,A101,atra,0.031x,35,elevated,1,1,0.643
GC,90,1,A101,atra,0.031x,35,elevated,2,1,1.276
GC,91,1,A101,atra,0.031x,35,elevated,3,1,1.289
GC,92,1,A101,atra,0.031x,35,elevated,4,1,1.282
GC,93,1,A101,atra,0.062x,70,elevated,1,1,2.305
GC,94,1,A101,atra,0.062x,70,elevated,2,1,1.88
GC,95,1,A101,atra,0.062x,70,elevated,3,1,1.669
GC,96,1,A101,atra,0.062x,70,elevated,4,1,1.579
GC,97,1,A101,atra,0.125x,140,elevated,1,1,1.05
GC,98,1,A101,atra,0.125x,140,elevated,2,1,2.318
GC,99,1,A101,atra,0.125x,140,elevated,3,1,1.242
GC,100,1,A101,atra,0.125x,140,elevated,4,1,1.503
GC,101,1,A101,atra,0.25x,280,elevated,1,1,2.77
GC,102,1,A101,atra,0.25x,280,elevated,2,1,0.108
GC,103,1,A101,atra,0.25x,280,elevated,3,1,2.288
GC,104,1,A101,atra,0.25x,280,elevated,4,1,1.86
GC,105,1,A101,atra,0.5x,561,elevated,1,1,1.558
GC,106,1,A101,atra,0.5x,561,elevated,2,1,1.641
GC,107,1,A101,atra,0.5x,561,elevated,3,1,2.197
GC,108,1,A101,atra,0.5x,561,elevated,4,0,0
GC,109,1,A101,atra,1x,1121,elevated,1,1,0.997
GC,110,1,A101,atra,1x,1121,elevated,2,1,0.373
GC,111,1,A101,atra,1x,1121,elevated,3,0,0
GC,112,1,A101,atra,1x,1121,elevated,4,0,0
GC,113,1,A101,atra,2x,2242,elevated,1,0,0
GC,114,1,A101,atra,2x,2242,elevated,2,0,0
GC,115,1,A101,atra,2x,2242,elevated,3,0,0
GC,116,1,A101,atra,2x,2242,elevated,4,1,1.048
GC,117,1,A101,atra,4x,4484,elevated,1,0,0
GC,118,1,A101,atra,4x,4484,elevated,2,0,0
GC,119,1,A101,atra,4x,4484,elevated,3,1,0.194
GC,120,1,A101,atra,4x,4484,elevated,4,1,0.196
GC,121,1,A101,atra+P450,0x,0,elevated,1,1,1.344
GC,122,1,A101,atra+P450,0x,0,elevated,2,1,1.135
GC,123,1,A101,atra+P450,0x,0,elevated,3,1,1.331
GC,124,1,A101,atra+P450,0x,0,elevated,4,1,1.538
GC,125,1,A101,atra+P450,0.015x,18,elevated,1,1,1.283
GC,126,1,A101,atra+P450,0.015x,18,elevated,2,1,1.166
GC,127,1,A101,atra+P450,0.015x,18,elevated,3,1,0.734
GC,128,1,A101,atra+P450,0.015x,18,elevated,4,1,1.59
GC,129,1,A101,atra+P450,0.031x,35,elevated,1,1,0.286
GC,130,1,A101,atra+P450,0.031x,35,elevated,2,1,1.888
GC,131,1,A101,atra+P450,0.031x,35,elevated,3,1,0.886
GC,132,1,A101,atra+P450,0.031x,35,elevated,4,1,0.737
GC,133,1,A101,atra+P450,0.062x,70,elevated,1,1,1.389
GC,134,1,A101,atra+P450,0.062x,70,elevated,2,1,1.569
GC,135,1,A101,atra+P450,0.062x,70,elevated,3,1,0.729
GC,136,1,A101,atra+P450,0.062x,70,elevated,4,1,1.004
GC,137,1,A101,atra+P450,0.125x,140,elevated,1,0,0
GC,138,1,A101,atra+P450,0.125x,140,elevated,2,1,2.443
GC,139,1,A101,atra+P450,0.125x,140,elevated,3,1,2.57
GC,140,1,A101,atra+P450,0.125x,140,elevated,4,1,1.821
GC,141,1,A101,atra+P450,0.25x,280,elevated,1,1,1.188
GC,142,1,A101,atra+P450,0.25x,280,elevated,2,0,0
GC,143,1,A101,atra+P450,0.25x,280,elevated,3,1,1.948
GC,144,1,A101,atra+P450,0.25x,280,elevated,4,1,0.833
GC,145,1,A101,atra+P450,0.5x,561,elevated,1,1,0.7
GC,146,1,A101,atra+P450,0.5x,561,elevated,2,1,1.256
GC,147,1,A101,atra+P450,0.5x,561,elevated,3,1,1.829
GC,148,1,A101,atra+P450,0.5x,561,elevated,4,1,1.016
GC,149,1,A101,atra+P450,1x,1121,elevated,1,1,0.229
GC,150,1,A101,atra+P450,1x,1121,elevated,2,0,0
GC,151,1,A101,atra+P450,1x,1121,elevated,3,1,1.503
GC,152,1,A101,atra+P450,1x,1121,elevated,4,0,0
GC,153,1,A101,atra+P450,2x,2242,elevated,1,1,0.918
GC,154,1,A101,atra+P450,2x,2242,elevated,2,0,0
GC,155,1,A101,atra+P450,2x,2242,elevated,3,0,0
GC,156,1,A101,atra+P450,2x,2242,elevated,4,1,0.785
GC,157,1,A101,atra+P450,4x,4484,elevated,1,0,0
GC,158,1,A101,atra+P450,4x,4484,elevated,2,0,0
GC,159,1,A101,atra+P450,4x,4484,elevated,3,1,0.477
GC,160,1,A101,atra+P450,4x,4484,elevated,4,0,0
GC,161,1,A101,atra+GST,0x,0,elevated,1,1,1.224
GC,162,1,A101,atra+GST,0x,0,elevated,2,1,1.645
GC,163,1,A101,atra+GST,0x,0,elevated,3,1,1.488
GC,164,1,A101,atra+GST,0x,0,elevated,4,1,1.859
GC,165,1,A101,atra+GST,0.015x,18,elevated,1,1,0.645
GC,166,1,A101,atra+GST,0.015x,18,elevated,2,1,1.42
GC,167,1,A101,atra+GST,0.015x,18,elevated,3,1,1.391
GC,168,1,A101,atra+GST,0.015x,18,elevated,4,1,1.507
GC,169,1,A101,atra+GST,0.031x,35,elevated,1,1,0.908
GC,170,1,A101,atra+GST,0.031x,35,elevated,2,1,1.949
GC,171,1,A101,atra+GST,0.031x,35,elevated,3,1,1
GC,172,1,A101,atra+GST,0.031x,35,elevated,4,1,1.1511
GC,173,1,A101,atra+GST,0.062x,70,elevated,1,1,0.953
GC,174,1,A101,atra+GST,0.062x,70,elevated,2,1,1.272
GC,175,1,A101,atra+GST,0.062x,70,elevated,3,1,2.18
GC,176,1,A101,atra+GST,0.062x,70,elevated,4,1,1.525
GC,177,1,A101,atra+GST,0.125x,140,elevated,1,1,0.89
GC,178,1,A101,atra+GST,0.125x,140,elevated,2,1,0.2
GC,179,1,A101,atra+GST,0.125x,140,elevated,3,1,0.984
GC,180,1,A101,atra+GST,0.125x,140,elevated,4,1,1.352
GC,181,1,A101,atra+GST,0.25x,280,elevated,1,1,0.068
GC,182,1,A101,atra+GST,0.25x,280,elevated,2,1,1.212
GC,183,1,A101,atra+GST,0.25x,280,elevated,3,1,1.939
GC,184,1,A101,atra+GST,0.25x,280,elevated,4,1,0.327
GC,185,1,A101,atra+GST,0.5x,561,elevated,1,0,0
GC,186,1,A101,atra+GST,0.5x,561,elevated,2,0,0
GC,187,1,A101,atra+GST,0.5x,561,elevated,3,1,0.212
GC,188,1,A101,atra+GST,0.5x,561,elevated,4,1,0.183
GC,189,1,A101,atra+GST,1x,1121,elevated,1,0,0
GC,190,1,A101,atra+GST,1x,1121,elevated,2,1,0.054
GC,191,1,A101,atra+GST,1x,1121,elevated,3,0,0
GC,192,1,A101,atra+GST,1x,1121,elevated,4,1,1.282
GC,193,1,A101,atra+GST,2x,2242,elevated,1,0,0
GC,194,1,A101,atra+GST,2x,2242,elevated,2,1,0.292
GC,195,1,A101,atra+GST,2x,2242,elevated,3,1,0.168
GC,196,1,A101,atra+GST,2x,2242,elevated,4,1,1.063
GC,197,1,A101,atra+GST,4x,4484,elevated,1,1,0.111
GC,198,1,A101,atra+GST,4x,4484,elevated,2,0,0
GC,199,1,A101,atra+GST,4x,4484,elevated,3,0,0
GC,200,1,A101,atra+GST,4x,4484,elevated,4,0,0
GC,201,1,A101,atra,0x,0,ambient,1,1,0.856
GC,202,1,A101,atra,0x,0,ambient,2,1,1.091
GC,203,1,A101,atra,0x,0,ambient,3,1,1.419
GC,204,1,A101,atra,0x,0,ambient,4,1,1.454
GC,205,1,A101,atra,0.015x,18,ambient,1,1,0.532
GC,206,1,A101,atra,0.015x,18,ambient,2,1,0.826
GC,207,1,A101,atra,0.015x,18,ambient,3,1,0.691
GC,208,1,A101,atra,0.015x,18,ambient,4,1,1.226
GC,209,1,A101,atra,0.031x,35,ambient,1,1,0.804
GC,210,1,A101,atra,0.031x,35,ambient,2,1,1.782
GC,211,1,A101,atra,0.031x,35,ambient,3,1,1.188
GC,212,1,A101,atra,0.031x,35,ambient,4,1,1.175
GC,213,1,A101,atra,0.062x,70,ambient,1,1,1.732
GC,214,1,A101,atra,0.062x,70,ambient,2,1,0.48
GC,215,1,A101,atra,0.062x,70,ambient,3,1,1.228
GC,216,1,A101,atra,0.062x,70,ambient,4,1,1.918
GC,217,1,A101,atra,0.125x,140,ambient,1,1,0.186
GC,218,1,A101,atra,0.125x,140,ambient,2,0,0
GC,219,1,A101,atra,0.125x,140,ambient,3,1,1.582
GC,220,1,A101,atra,0.125x,140,ambient,4,0,0
GC,221,1,A101,atra,0.25x,280,ambient,1,0,0
GC,222,1,A101,atra,0.25x,280,ambient,2,0,0
GC,223,1,A101,atra,0.25x,280,ambient,3,1,1.294
GC,224,1,A101,atra,0.25x,280,ambient,4,1,0.191
GC,225,1,A101,atra,0.5x,561,ambient,1,1,0.559
GC,226,1,A101,atra,0.5x,561,ambient,2,0,0
GC,227,1,A101,atra,0.5x,561,ambient,3,0,0
GC,228,1,A101,atra,0.5x,561,ambient,4,1,1.579
GC,229,1,A101,atra,1x,1121,ambient,1,1,0.583
GC,230,1,A101,atra,1x,1121,ambient,2,1,0.678
GC,231,1,A101,atra,1x,1121,ambient,3,0,0
GC,232,1,A101,atra,1x,1121,ambient,4,0,0
GC,233,1,A101,atra,2x,2242,ambient,1,1,0.243
GC,234,1,A101,atra,2x,2242,ambient,2,0,0
GC,235,1,A101,atra,2x,2242,ambient,3,0,0
GC,236,1,A101,atra,2x,2242,ambient,4,0,0
GC,237,1,A101,atra,4x,4484,ambient,1,0,0
GC,238,1,A101,atra,4x,4484,ambient,2,0,0
GC,239,1,A101,atra,4x,4484,ambient,3,1,0.505
GC,240,1,A101,atra,4x,4484,ambient,4,1,0.983
GC,241,1,A101,atra+P450,0x,0,ambient,1,1,1.571
GC,242,1,A101,atra+P450,0x,0,ambient,2,1,1.56
GC,243,1,A101,atra+P450,0x,0,ambient,3,1,1.192
GC,244,1,A101,atra+P450,0x,0,ambient,4,1,0.728
GC,245,1,A101,atra+P450,0.015x,18,ambient,1,1,0.913
GC,246,1,A101,atra+P450,0.015x,18,ambient,2,1,1.946
GC,247,1,A101,atra+P450,0.015x,18,ambient,3,1,1.756
GC,248,1,A101,atra+P450,0.015x,18,ambient,4,1,1.178
GC,249,1,A101,atra+P450,0.031x,35,ambient,1,1,1.39
GC,250,1,A101,atra+P450,0.031x,35,ambient,2,1,0.32
GC,251,1,A101,atra+P450,0.031x,35,ambient,3,1,1.373
GC,252,1,A101,atra+P450,0.031x,35,ambient,4,1,1.994
GC,253,1,A101,atra+P450,0.062x,70,ambient,1,1,0.493
GC,254,1,A101,atra+P450,0.062x,70,ambient,2,1,1.565
GC,255,1,A101,atra+P450,0.062x,70,ambient,3,1,0.533
GC,256,1,A101,atra+P450,0.062x,70,ambient,4,1,0.88
GC,257,1,A101,atra+P450,0.125x,140,ambient,1,1,1.152
GC,258,1,A101,atra+P450,0.125x,140,ambient,2,1,2.058
GC,259,1,A101,atra+P450,0.125x,140,ambient,3,1,0.138
GC,260,1,A101,atra+P450,0.125x,140,ambient,4,1,1.193
GC,261,1,A101,atra+P450,0.25x,280,ambient,1,1,1.852
GC,262,1,A101,atra+P450,0.25x,280,ambient,2,1,0.929
GC,263,1,A101,atra+P450,0.25x,280,ambient,3,0,0
GC,264,1,A101,atra+P450,0.25x,280,ambient,4,0,0
GC,265,1,A101,atra+P450,0.5x,561,ambient,1,1,1.538
GC,266,1,A101,atra+P450,0.5x,561,ambient,2,0,0
GC,267,1,A101,atra+P450,0.5x,561,ambient,3,1,0.523
GC,268,1,A101,atra+P450,0.5x,561,ambient,4,1,0.89
GC,269,1,A101,atra+P450,1x,1121,ambient,1,0,0
GC,270,1,A101,atra+P450,1x,1121,ambient,2,0,0
GC,271,1,A101,atra+P450,1x,1121,ambient,3,0,0
GC,272,1,A101,atra+P450,1x,1121,ambient,4,1,0.933
GC,273,1,A101,atra+P450,2x,2242,ambient,1,0,0
GC,274,1,A101,atra+P450,2x,2242,ambient,2,0,0
GC,275,1,A101,atra+P450,2x,2242,ambient,3,0,0
GC,276,1,A101,atra+P450,2x,2242,ambient,4,0,0
GC,277,1,A101,atra+P450,4x,4484,ambient,1,1,0.348
GC,278,1,A101,atra+P450,4x,4484,ambient,2,0,0
GC,279,1,A101,atra+P450,4x,4484,ambient,3,0,0
GC,280,1,A101,atra+P450,4x,4484,ambient,4,0,0
GC,281,1,A101,atra+GST,0x,0,ambient,1,1,1.922
GC,282,1,A101,atra+GST,0x,0,ambient,2,1,1.438
GC,283,1,A101,atra+GST,0x,0,ambient,3,1,0.845
GC,284,1,A101,atra+GST,0x,0,ambient,4,1,1.03
GC,285,1,A101,atra+GST,0.015x,18,ambient,1,1,1
GC,286,1,A101,atra+GST,0.015x,18,ambient,2,1,0.364
GC,287,1,A101,atra+GST,0.015x,18,ambient,3,1,1.423
GC,288,1,A101,atra+GST,0.015x,18,ambient,4,1,1.714
GC,289,1,A101,atra+GST,0.031x,35,ambient,1,1,1.16
GC,290,1,A101,atra+GST,0.031x,35,ambient,2,1,0.586
GC,291,1,A101,atra+GST,0.031x,35,ambient,3,1,2.463
GC,292,1,A101,atra+GST,0.031x,35,ambient,4,0,0
GC,293,1,A101,atra+GST,0.062x,70,ambient,1,1,2.3
GC,294,1,A101,atra+GST,0.062x,70,ambient,2,1,1.638
GC,295,1,A101,atra+GST,0.062x,70,ambient,3,1,1.296
GC,296,1,A101,atra+GST,0.062x,70,ambient,4,1,2.27
GC,297,1,A101,atra+GST,0.125x,140,ambient,1,0,0
GC,298,1,A101,atra+GST,0.125x,140,ambient,2,1,2.114
GC,299,1,A101,atra+GST,0.125x,140,ambient,3,1,2.396
GC,300,1,A101,atra+GST,0.125x,140,ambient,4,1,0.994
GC,301,1,A101,atra+GST,0.25x,280,ambient,1,1,0.663
GC,302,1,A101,atra+GST,0.25x,280,ambient,2,1,1.405
GC,303,1,A101,atra+GST,0.25x,280,ambient,3,1,1.277
GC,304,1,A101,atra+GST,0.25x,280,ambient,4,1,0.947
GC,305,1,A101,atra+GST,0.5x,561,ambient,1,1,1.253
GC,306,1,A101,atra+GST,0.5x,561,ambient,2,1,1.022
GC,307,1,A101,atra+GST,0.5x,561,ambient,3,0,0
GC,308,1,A101,atra+GST,0.5x,561,ambient,4,1,1.464
GC,309,1,A101,atra+GST,1x,1121,ambient,1,1,0.43
GC,310,1,A101,atra+GST,1x,1121,ambient,2,0,0
GC,311,1,A101,atra+GST,1x,1121,ambient,3,1,0.466
GC,312,1,A101,atra+GST,1x,1121,ambient,4,1,1.382
GC,313,1,A101,atra+GST,2x,2242,ambient,1,0,0
GC,314,1,A101,atra+GST,2x,2242,ambient,2,0,0
GC,315,1,A101,atra+GST,2x,2242,ambient,3,0,0
GC,316,1,A101,atra+GST,2x,2242,ambient,4,0,0
GC,317,1,A101,atra+GST,4x,4484,ambient,1,0,0
GC,318,1,A101,atra+GST,4x,4484,ambient,2,0,0
GC,319,1,A101,atra+GST,4x,4484,ambient,3,0,0
GC,320,1,A101,atra+GST,4x,4484,ambient,4,1,0.2
GC,1,2,A82,atra,0x,0,elevated,1,1,1.192
GC,2,2,A82,atra,0x,0,elevated,2,1,1.485
GC,3,2,A82,atra,0x,0,elevated,3,1,1.41
GC,4,2,A82,atra,0x,0,elevated,4,1,1.398
GC,5,2,A82,atra,0.015x,18,elevated,1,1,1.312
GC,6,2,A82,atra,0.015x,18,elevated,2,1,1.809
GC,7,2,A82,atra,0.015x,18,elevated,3,1,2.961
GC,8,2,A82,atra,0.015x,18,elevated,4,1,1.134
GC,9,2,A82,atra,0.031x,35,elevated,1,1,1.2987
GC,10,2,A82,atra,0.031x,35,elevated,2,1,0.142
GC,11,2,A82,atra,0.031x,35,elevated,3,1,1.592
GC,12,2,A82,atra,0.031x,35,elevated,4,1,1.035
GC,13,2,A82,atra,0.062x,70,elevated,1,1,1.053
GC,14,2,A82,atra,0.062x,70,elevated,2,1,0.801
GC,15,2,A82,atra,0.062x,70,elevated,3,1,1.288
GC,16,2,A82,atra,0.062x,70,elevated,4,1,1.111
GC,17,2,A82,atra,0.125x,140,elevated,1,1,0.994
GC,18,2,A82,atra,0.125x,140,elevated,2,1,1.041
GC,19,2,A82,atra,0.125x,140,elevated,3,1,1.33
GC,20,2,A82,atra,0.125x,140,elevated,4,1,0.071
GC,21,2,A82,atra,0.25x,280,elevated,1,1,0.088
GC,22,2,A82,atra,0.25x,280,elevated,2,0,0
GC,23,2,A82,atra,0.25x,280,elevated,3,1,0.036
GC,24,2,A82,atra,0.25x,280,elevated,4,1,1.614
GC,25,2,A82,atra,0.5x,561,elevated,1,1,0.879
GC,26,2,A82,atra,0.5x,561,elevated,2,0,0
GC,27,2,A82,atra,0.5x,561,elevated,3,1,2.409
GC,28,2,A82,atra,0.5x,561,elevated,4,0,0
GC,29,2,A82,atra,1x,1121,elevated,1,0,0
GC,30,2,A82,atra,1x,1121,elevated,2,1,0.128
GC,31,2,A82,atra,1x,1121,elevated,3,0,0
GC,32,2,A82,atra,1x,1121,elevated,4,0,0
GC,33,2,A82,atra,2x,2242,elevated,1,1,0.173
GC,34,2,A82,atra,2x,2242,elevated,2,0,0
GC,35,2,A82,atra,2x,2242,elevated,3,0,0
GC,36,2,A82,atra,2x,2242,elevated,4,0,0
GC,37,2,A82,atra,4x,4484,elevated,1,0,0
GC,38,2,A82,atra,4x,4484,elevated,2,0,0
GC,39,2,A82,atra,4x,4484,elevated,3,0,0
GC,40,2,A82,atra,4x,4484,elevated,4,0,0
GC,41,2,A82,atra,0x,0,ambient,1,1,1.083
GC,42,2,A82,atra,0x,0,ambient,2,1,1.642
GC,43,2,A82,atra,0x,0,ambient,3,1,1.795
GC,44,2,A82,atra,0x,0,ambient,4,1,1.095
GC,45,2,A82,atra,0.015x,18,ambient,1,1,1.519
GC,46,2,A82,atra,0.015x,18,ambient,2,1,1.872
GC,47,2,A82,atra,0.015x,18,ambient,3,1,0.422
GC,48,2,A82,atra,0.015x,18,ambient,4,1,1.023
GC,49,2,A82,atra,0.031x,35,ambient,1,1,0.811
GC,50,2,A82,atra,0.031x,35,ambient,2,1,0.584
GC,51,2,A82,atra,0.031x,35,ambient,3,1,0.701
GC,52,2,A82,atra,0.031x,35,ambient,4,1,0.347
GC,53,2,A82,atra,0.062x,70,ambient,1,1,0.353
GC,54,2,A82,atra,0.062x,70,ambient,2,1,0.057
GC,55,2,A82,atra,0.062x,70,ambient,3,1,0.885
GC,56,2,A82,atra,0.062x,70,ambient,4,1,0.454
GC,57,2,A82,atra,0.125x,140,ambient,1,1,0.018
GC,58,2,A82,atra,0.125x,140,ambient,2,0,0
GC,59,2,A82,atra,0.125x,140,ambient,3,1,0.528
GC,60,2,A82,atra,0.125x,140,ambient,4,1,0.223
GC,61,2,A82,atra,0.25x,280,ambient,1,0,0
GC,62,2,A82,atra,0.25x,280,ambient,2,1,1.238
GC,63,2,A82,atra,0.25x,280,ambient,3,0,0
GC,64,2,A82,atra,0.25x,280,ambient,4,0,0
GC,65,2,A82,atra,0.5x,561,ambient,1,0,0
GC,66,2,A82,atra,0.5x,561,ambient,2,1,1.075
GC,67,2,A82,atra,0.5x,561,ambient,3,0,0
GC,68,2,A82,atra,0.5x,561,ambient,4,0,0
GC,69,2,A82,atra,1x,1121,ambient,1,0,0
GC,70,2,A82,atra,1x,1121,ambient,2,0,0
GC,71,2,A82,atra,1x,1121,ambient,3,0,0
GC,72,2,A82,atra,1x,1121,ambient,4,0,0
GC,73,2,A82,atra,2x,2242,ambient,1,0,0
GC,74,2,A82,atra,2x,2242,ambient,2,0,0
GC,75,2,A82,atra,2x,2242,ambient,3,0,0
GC,76,2,A82,atra,2x,2242,ambient,4,0,0
GC,77,2,A82,atra,4x,4484,ambient,1,0,0
GC,78,2,A82,atra,4x,4484,ambient,2,0,0
GC,79,2,A82,atra,4x,4484,ambient,3,0,0
GC,80,2,A82,atra,4x,4484,ambient,4,0,0
GC,81,2,A101,atra,0x,0,elevated,1,1,0.81
GC,82,2,A101,atra,0x,0,elevated,2,1,0.812
GC,83,2,A101,atra,0x,0,elevated,3,1,0.846
GC,84,2,A101,atra,0x,0,elevated,4,1,1.114
GC,85,2,A101,atra,0.015x,18,elevated,1,1,1.279
GC,86,2,A101,atra,0.015x,18,elevated,2,1,1.254
GC,87,2,A101,atra,0.015x,18,elevated,3,1,1.108
GC,88,2,A101,atra,0.015x,18,elevated,4,1,1.845
GC,89,2,A101,atra,0.031x,35,elevated,1,1,1.306
GC,90,2,A101,atra,0.031x,35,elevated,2,0,0
GC,91,2,A101,atra,0.031x,35,elevated,3,1,1.372
GC,92,2,A101,atra,0.031x,35,elevated,4,1,1.616
GC,93,2,A101,atra,0.062x,70,elevated,1,1,0.946
GC,94,2,A101,atra,0.062x,70,elevated,2,1,1.172
GC,95,2,A101,atra,0.062x,70,elevated,3,1,0.926
GC,96,2,A101,atra,0.062x,70,elevated,4,1,1.05
GC,97,2,A101,atra,0.125x,140,elevated,1,1,0.073
GC,98,2,A101,atra,0.125x,140,elevated,2,1,1.223
GC,99,2,A101,atra,0.125x,140,elevated,3,1,0.111
GC,100,2,A101,atra,0.125x,140,elevated,4,1,1.106
GC,101,2,A101,atra,0.25x,280,elevated,1,0,0
GC,102,2,A101,atra,0.25x,280,elevated,2,1,1.445
GC,103,2,A101,atra,0.25x,280,elevated,3,1,0.712
GC,104,2,A101,atra,0.25x,280,elevated,4,1,0.956
GC,105,2,A101,atra,0.5x,561,elevated,1,0,0
GC,106,2,A101,atra,0.5x,561,elevated,2,0,0
GC,107,2,A101,atra,0.5x,561,elevated,3,1,0.744
GC,108,2,A101,atra,0.5x,561,elevated,4,0,0
GC,109,2,A101,atra,1x,1121,elevated,1,1,0.053
GC,110,2,A101,atra,1x,1121,elevated,2,1,0.22
GC,111,2,A101,atra,1x,1121,elevated,3,0,0
GC,112,2,A101,atra,1x,1121,elevated,4,0,0
GC,113,2,A101,atra,2x,2242,elevated,1,1,0.325
GC,114,2,A101,atra,2x,2242,elevated,2,0,0
GC,115,2,A101,atra,2x,2242,elevated,3,0,0
GC,116,2,A101,atra,2x,2242,elevated,4,0,0
GC,117,2,A101,atra,4x,4484,elevated,1,0,0
GC,118,2,A101,atra,4x,4484,elevated,2,0,0
GC,119,2,A101,atra,4x,4484,elevated,3,1,0.693
GC,120,2,A101,atra,4x,4484,elevated,4,0,0
GC,121,2,A101,atra+P450,0x,0,elevated,1,1,0.892
GC,122,2,A101,atra+P450,0x,0,elevated,2,1,1.987
GC,123,2,A101,atra+P450,0x,0,elevated,3,1,1.045
GC,124,2,A101,atra+P450,0x,0,elevated,4,1,1.011
GC,125,2,A101,atra+P450,0.015x,18,elevated,1,1,1.409
GC,126,2,A101,atra+P450,0.015x,18,elevated,2,1,1.514
GC,127,2,A101,atra+P450,0.015x,18,elevated,3,1,1.027
GC,128,2,A101,atra+P450,0.015x,18,elevated,4,1,1.082
GC,129,2,A101,atra+P450,0.031x,35,elevated,1,1,0.243
GC,130,2,A101,atra+P450,0.031x,35,elevated,2,1,1.526
GC,131,2,A101,atra+P450,0.031x,35,elevated,3,1,0.201
GC,132,2,A101,atra+P450,0.031x,35,elevated,4,1,0.132
GC,133,2,A101,atra+P450,0.062x,70,elevated,1,1,0.062
GC,134,2,A101,atra+P450,0.062x,70,elevated,2,1,0.058
GC,135,2,A101,atra+P450,0.062x,70,elevated,3,1,0.421
GC,136,2,A101,atra+P450,0.062x,70,elevated,4,1,1.771
GC,137,2,A101,atra+P450,0.125x,140,elevated,1,1,1.201
GC,138,2,A101,atra+P450,0.125x,140,elevated,2,1,0.105
GC,139,2,A101,atra+P450,0.125x,140,elevated,3,1,1.331
GC,140,2,A101,atra+P450,0.125x,140,elevated,4,1,1.33
GC,141,2,A101,atra+P450,0.25x,280,elevated,1,1,1.351
GC,142,2,A101,atra+P450,0.25x,280,elevated,2,1,1.485
GC,143,2,A101,atra+P450,0.25x,280,elevated,3,1,0.169
GC,144,2,A101,atra+P450,0.25x,280,elevated,4,1,0.13
GC,145,2,A101,atra+P450,0.5x,561,elevated,1,1,1.042
GC,146,2,A101,atra+P450,0.5x,561,elevated,2,0,0
GC,147,2,A101,atra+P450,0.5x,561,elevated,3,1,1.784
GC,148,2,A101,atra+P450,0.5x,561,elevated,4,1,1.829
GC,149,2,A101,atra+P450,1x,1121,elevated,1,0,0
GC,150,2,A101,atra+P450,1x,1121,elevated,2,0,0
GC,151,2,A101,atra+P450,1x,1121,elevated,3,0,0
GC,152,2,A101,atra+P450,1x,1121,elevated,4,0,0
GC,153,2,A101,atra+P450,2x,2242,elevated,1,1,0.216
GC,154,2,A101,atra+P450,2x,2242,elevated,2,1,0.978
GC,155,2,A101,atra+P450,2x,2242,elevated,3,0,0
GC,156,2,A101,atra+P450,2x,2242,elevated,4,1,0.995
GC,157,2,A101,atra+P450,4x,4484,elevated,1,1,0.137
GC,158,2,A101,atra+P450,4x,4484,elevated,2,0,0
GC,159,2,A101,atra+P450,4x,4484,elevated,3,0,0
GC,160,2,A101,atra+P450,4x,4484,elevated,4,1,0.775
GC,161,2,A101,atra+GST,0x,0,elevated,1,1,1.089
GC,162,2,A101,atra+GST,0x,0,elevated,2,1,1.509
GC,163,2,A101,atra+GST,0x,0,elevated,3,1,0.962
GC,164,2,A101,atra+GST,0x,0,elevated,4,1,1.118
GC,165,2,A101,atra+GST,0.015x,18,elevated,1,1,0.894
GC,166,2,A101,atra+GST,0.015x,18,elevated,2,1,1.389
GC,167,2,A101,atra+GST,0.015x,18,elevated,3,1,1.609
GC,168,2,A101,atra+GST,0.015x,18,elevated,4,1,1.564
GC,169,2,A101,atra+GST,0.031x,35,elevated,1,1,1.571
GC,170,2,A101,atra+GST,0.031x,35,elevated,2,1,1.745
GC,171,2,A101,atra+GST,0.031x,35,elevated,3,1,0.323
GC,172,2,A101,atra+GST,0.031x,35,elevated,4,1,2.184
GC,173,2,A101,atra+GST,0.062x,70,elevated,1,1,0.955
GC,174,2,A101,atra+GST,0.062x,70,elevated,2,1,1.4
GC,175,2,A101,atra+GST,0.062x,70,elevated,3,0,0
GC,176,2,A101,atra+GST,0.062x,70,elevated,4,1,1.528
GC,177,2,A101,atra+GST,0.125x,140,elevated,1,1,1.943
GC,178,2,A101,atra+GST,0.125x,140,elevated,2,1,1.197
GC,179,2,A101,atra+GST,0.125x,140,elevated,3,1,1.56
GC,180,2,A101,atra+GST,0.125x,140,elevated,4,1,0.638
GC,181,2,A101,atra+GST,0.25x,280,elevated,1,1,1.64
GC,182,2,A101,atra+GST,0.25x,280,elevated,2,1,1.946
GC,183,2,A101,atra+GST,0.25x,280,elevated,3,0,0
GC,184,2,A101,atra+GST,0.25x,280,elevated,4,1,1.826
GC,185,2,A101,atra+GST,0.5x,561,elevated,1,0,0
GC,186,2,A101,atra+GST,0.5x,561,elevated,2,1,0.116
GC,187,2,A101,atra+GST,0.5x,561,elevated,3,1,1.973
GC,188,2,A101,atra+GST,0.5x,561,elevated,4,0,0
GC,189,2,A101,atra+GST,1x,1121,elevated,1,0,0
GC,190,2,A101,atra+GST,1x,1121,elevated,2,0,0
GC,191,2,A101,atra+GST,1x,1121,elevated,3,1,0.972
GC,192,2,A101,atra+GST,1x,1121,elevated,4,0,0
GC,193,2,A101,atra+GST,2x,2242,elevated,1,1,0.137
GC,194,2,A101,atra+GST,2x,2242,elevated,2,0,0
GC,195,2,A101,atra+GST,2x,2242,elevated,3,1,1.826
GC,196,2,A101,atra+GST,2x,2242,elevated,4,0,0
GC,197,2,A101,atra+GST,4x,4484,elevated,1,1,0.143
GC,198,2,A101,atra+GST,4x,4484,elevated,2,0,0
GC,199,2,A101,atra+GST,4x,4484,elevated,3,0,0
GC,200,2,A101,atra+GST,4x,4484,elevated,4,1,0.122
GC,201,2,A101,atra,0x,0,ambient,1,1,0.975
GC,202,2,A101,atra,0x,0,ambient,2,1,1.45
GC,203,2,A101,atra,0x,0,ambient,3,1,1.687
GC,204,2,A101,atra,0x,0,ambient,4,1,1.841
GC,205,2,A101,atra,0.015x,18,ambient,1,1,1.36
GC,206,2,A101,atra,0.015x,18,ambient,2,1,2.038
GC,207,2,A101,atra,0.015x,18,ambient,3,1,1.556
GC,208,2,A101,atra,0.015x,18,ambient,4,1,1.544
GC,209,2,A101,atra,0.031x,35,ambient,1,1,0.432
GC,210,2,A101,atra,0.031x,35,ambient,2,1,1.425
GC,211,2,A101,atra,0.031x,35,ambient,3,1,1.377
GC,212,2,A101,atra,0.031x,35,ambient,4,1,0.782
GC,213,2,A101,atra,0.062x,70,ambient,1,1,0.537
GC,214,2,A101,atra,0.062x,70,ambient,2,1,1.465
GC,215,2,A101,atra,0.062x,70,ambient,3,1,1.532
GC,216,2,A101,atra,0.062x,70,ambient,4,1,0.677
GC,217,2,A101,atra,0.125x,140,ambient,1,1,1.299
GC,218,2,A101,atra,0.125x,140,ambient,2,0,0
GC,219,2,A101,atra,0.125x,140,ambient,3,1,0.703
GC,220,2,A101,atra,0.125x,140,ambient,4,1,0.073
GC,221,2,A101,atra,0.25x,280,ambient,1,0,0
GC,222,2,A101,atra,0.25x,280,ambient,2,0,0
GC,223,2,A101,atra,0.25x,280,ambient,3,0,0
GC,224,2,A101,atra,0.25x,280,ambient,4,1,0.458
GC,225,2,A101,atra,0.5x,561,ambient,1,1,1.417
GC,226,2,A101,atra,0.5x,561,ambient,2,1,0.047
GC,227,2,A101,atra,0.5x,561,ambient,3,1,1.546
GC,228,2,A101,atra,0.5x,561,ambient,4,1,1.397
GC,229,2,A101,atra,1x,1121,ambient,1,0,0
GC,230,2,A101,atra,1x,1121,ambient,2,0,0
GC,231,2,A101,atra,1x,1121,ambient,3,0,0
GC,232,2,A101,atra,1x,1121,ambient,4,1,1.445
GC,233,2,A101,atra,2x,2242,ambient,1,1,1.105
GC,234,2,A101,atra,2x,2242,ambient,2,1,0.159
GC,235,2,A101,atra,2x,2242,ambient,3,0,0
GC,236,2,A101,atra,2x,2242,ambient,4,0,0
GC,237,2,A101,atra,4x,4484,ambient,1,1,0.13
GC,238,2,A101,atra,4x,4484,ambient,2,0,0
GC,239,2,A101,atra,4x,4484,ambient,3,1,0.189
GC,240,2,A101,atra,4x,4484,ambient,4,1,0.038
GC,241,2,A101,atra+P450,0x,0,ambient,1,1,1.235
GC,242,2,A101,atra+P450,0x,0,ambient,2,1,1.618
GC,243,2,A101,atra+P450,0x,0,ambient,3,1,0.885
GC,244,2,A101,atra+P450,0x,0,ambient,4,1,1.456
GC,245,2,A101,atra+P450,0.015x,18,ambient,1,1,1.177
GC,246,2,A101,atra+P450,0.015x,18,ambient,2,1,1.354
GC,247,2,A101,atra+P450,0.015x,18,ambient,3,1,1.414
GC,248,2,A101,atra+P450,0.015x,18,ambient,4,1,1.539
GC,249,2,A101,atra+P450,0.031x,35,ambient,1,1,1.308
GC,250,2,A101,atra+P450,0.031x,35,ambient,2,1,1.406
GC,251,2,A101,atra+P450,0.031x,35,ambient,3,1,1.475
GC,252,2,A101,atra+P450,0.031x,35,ambient,4,1,1.901
GC,253,2,A101,atra+P450,0.062x,70,ambient,1,1,2.364
GC,254,2,A101,atra+P450,0.062x,70,ambient,2,1,0.07
GC,255,2,A101,atra+P450,0.062x,70,ambient,3,1,0.167
GC,256,2,A101,atra+P450,0.062x,70,ambient,4,1,1.472
GC,257,2,A101,atra+P450,0.125x,140,ambient,1,1,0.134
GC,258,2,A101,atra+P450,0.125x,140,ambient,2,0,0
GC,259,2,A101,atra+P450,0.125x,140,ambient,3,1,0.177
GC,260,2,A101,atra+P450,0.125x,140,ambient,4,1,1.369
GC,261,2,A101,atra+P450,0.25x,280,ambient,1,0,0
GC,262,2,A101,atra+P450,0.25x,280,ambient,2,1,0.138
GC,263,2,A101,atra+P450,0.25x,280,ambient,3,0,0
GC,264,2,A101,atra+P450,0.25x,280,ambient,4,1,0.161
GC,265,2,A101,atra+P450,0.5x,561,ambient,1,0,0
GC,266,2,A101,atra+P450,0.5x,561,ambient,2,1,0.359
GC,267,2,A101,atra+P450,0.5x,561,ambient,3,1,0.447
GC,268,2,A101,atra+P450,0.5x,561,ambient,4,1,0.907
GC,269,2,A101,atra+P450,1x,1121,ambient,1,0,0
GC,270,2,A101,atra+P450,1x,1121,ambient,2,1,0.111
GC,271,2,A101,atra+P450,1x,1121,ambient,3,1,0.379
GC,272,2,A101,atra+P450,1x,1121,ambient,4,1,0.715
GC,273,2,A101,atra+P450,2x,2242,ambient,1,0,0
GC,274,2,A101,atra+P450,2x,2242,ambient,2,0,0
GC,275,2,A101,atra+P450,2x,2242,ambient,3,0,0
GC,276,2,A101,atra+P450,2x,2242,ambient,4,1,0.083
GC,277,2,A101,atra+P450,4x,4484,ambient,1,0,0
GC,278,2,A101,atra+P450,4x,4484,ambient,2,0,0
GC,279,2,A101,atra+P450,4x,4484,ambient,3,1,0.629
GC,280,2,A101,atra+P450,4x,4484,ambient,4,0,0
GC,281,2,A101,atra+GST,0x,0,ambient,1,1,0.899
GC,282,2,A101,atra+GST,0x,0,ambient,2,1,1.204
GC,283,2,A101,atra+GST,0x,0,ambient,3,1,0.962
GC,284,2,A101,atra+GST,0x,0,ambient,4,1,1.163
GC,285,2,A101,atra+GST,0.015x,18,ambient,1,1,1.506
GC,286,2,A101,atra+GST,0.015x,18,ambient,2,1,0.311
GC,287,2,A101,atra+GST,0.015x,18,ambient,3,1,1.494
GC,288,2,A101,atra+GST,0.015x,18,ambient,4,1,1.321
GC,289,2,A101,atra+GST,0.031x,35,ambient,1,1,0.997
GC,290,2,A101,atra+GST,0.031x,35,ambient,2,0,0
GC,291,2,A101,atra+GST,0.031x,35,ambient,3,1,0.271
GC,292,2,A101,atra+GST,0.031x,35,ambient,4,1,0.081
GC,293,2,A101,atra+GST,0.062x,70,ambient,1,1,0.127
GC,294,2,A101,atra+GST,0.062x,70,ambient,2,1,0.193
GC,295,2,A101,atra+GST,0.062x,70,ambient,3,1,1.289
GC,296,2,A101,atra+GST,0.062x,70,ambient,4,1,0.074
GC,297,2,A101,atra+GST,0.125x,140,ambient,1,1,0.145
GC,298,2,A101,atra+GST,0.125x,140,ambient,2,1,1.589
GC,299,2,A101,atra+GST,0.125x,140,ambient,3,1,0.085
GC,300,2,A101,atra+GST,0.125x,140,ambient,4,1,0.705
GC,301,2,A101,atra+GST,0.25x,280,ambient,1,1,1.893
GC,302,2,A101,atra+GST,0.25x,280,ambient,2,1,1.064
GC,303,2,A101,atra+GST,0.25x,280,ambient,3,1,0.325
GC,304,2,A101,atra+GST,0.25x,280,ambient,4,0,0
GC,305,2,A101,atra+GST,0.5x,561,ambient,1,0,0
GC,306,2,A101,atra+GST,0.5x,561,ambient,2,0,0
GC,307,2,A101,atra+GST,0.5x,561,ambient,3,1,1.294
GC,308,2,A101,atra+GST,0.5x,561,ambient,4,0,0
GC,309,2,A101,atra+GST,1x,1121,ambient,1,0,0
GC,310,2,A101,atra+GST,1x,1121,ambient,2,0,0
GC,311,2,A101,atra+GST,1x,1121,ambient,3,1,0.129
GC,312,2,A101,atra+GST,1x,1121,ambient,4,1,0.629
GC,313,2,A101,atra+GST,2x,2242,ambient,1,1,0.032
GC,314,2,A101,atra+GST,2x,2242,ambient,2,1,0.732
GC,315,2,A101,atra+GST,2x,2242,ambient,3,0,0
GC,316,2,A101,atra+GST,2x,2242,ambient,4,0,0
GC,317,2,A101,atra+GST,4x,4484,ambient,1,1,0.185
GC,318,2,A101,atra+GST,4x,4484,ambient,2,1,0.363
GC,319,2,A101,atra+GST,4x,4484,ambient,3,1,0.248
GC,320,2,A101,atra+GST,4x,4484,ambient,4,0,0
