exp,id,run,pop,herb,treat,dose,rate,temp,rep,surv,biomass,percent_bio
GC,1,1,A82,"2,4D","A82+2,4D+increased",0x,0,increased,1,1,3.918,1
GC,2,1,A82,"2,4D","A82+2,4D+increased",0x,0,increased,2,1,2.458,1
GC,3,1,A82,"2,4D","A82+2,4D+increased",0x,0,increased,3,1,2.948,1
GC,4,1,A82,"2,4D","A82+2,4D+increased",0x,0,increased,4,1,2.479,1
GC,5,1,A82,"2,4D","A82+2,4D+increased",0.015x,16.64,increased,1,1,3.202,1
GC,6,1,A82,"2,4D","A82+2,4D+increased",0.015x,16.64,increased,2,1,3.341,1
GC,7,1,A82,"2,4D","A82+2,4D+increased",0.015x,16.64,increased,3,1,3.019,1
GC,8,1,A82,"2,4D","A82+2,4D+increased",0.015x,16.64,increased,4,1,2.765,0.937049903
GC,9,1,A82,"2,4D","A82+2,4D+increased",0.031x,33.28,increased,1,1,2.288,0.775396086
GC,10,1,A82,"2,4D","A82+2,4D+increased",0.031x,33.28,increased,2,1,2.783,0.943150047
GC,11,1,A82,"2,4D","A82+2,4D+increased",0.031x,33.28,increased,3,1,3.254,1
GC,12,1,A82,"2,4D","A82+2,4D+increased",0.031x,33.28,increased,4,1,2.549,0.863848174
GC,13,1,A82,"2,4D","A82+2,4D+increased",0.062x,66.56,increased,1,1,3.261,1
GC,14,1,A82,"2,4D","A82+2,4D+increased",0.062x,66.56,increased,2,1,2.565,0.869270524
GC,15,1,A82,"2,4D","A82+2,4D+increased",0.062x,66.56,increased,3,1,2.422,0.820808269
GC,16,1,A82,"2,4D","A82+2,4D+increased",0.062x,66.56,increased,4,1,2.147,0.727611624
GC,17,1,A82,"2,4D","A82+2,4D+increased",0.125x,133.12,increased,1,1,1.439,0.487672626
GC,18,1,A82,"2,4D","A82+2,4D+increased",0.125x,133.12,increased,2,1,1.451,0.491739388
GC,19,1,A82,"2,4D","A82+2,4D+increased",0.125x,133.12,increased,3,1,1.711,0.57985258
GC,20,1,A82,"2,4D","A82+2,4D+increased",0.125x,133.12,increased,4,1,2.398,0.812674744
GC,21,1,A82,"2,4D","A82+2,4D+increased",0.25x,266.23,increased,1,1,0.826,0.279928832
GC,22,1,A82,"2,4D","A82+2,4D+increased",0.25x,266.23,increased,2,1,1.679,0.569007879
GC,23,1,A82,"2,4D","A82+2,4D+increased",0.25x,266.23,increased,3,0,0,0
GC,24,1,A82,"2,4D","A82+2,4D+increased",0.25x,266.23,increased,4,0,0,0
GC,25,1,A82,"2,4D","A82+2,4D+increased",0.5x,532.47,increased,1,0,0,0
GC,26,1,A82,"2,4D","A82+2,4D+increased",0.5x,532.47,increased,2,0,0,0
GC,27,1,A82,"2,4D","A82+2,4D+increased",0.5x,532.47,increased,3,1,0.612,0.207404897
GC,28,1,A82,"2,4D","A82+2,4D+increased",0.5x,532.47,increased,4,0,0,0
GC,29,1,A82,"2,4D","A82+2,4D+increased",1x,1064.94,increased,1,0,0,0
GC,30,1,A82,"2,4D","A82+2,4D+increased",1x,1064.94,increased,2,0,0,0
GC,31,1,A82,"2,4D","A82+2,4D+increased",1x,1064.94,increased,3,0,0,0
GC,32,1,A82,"2,4D","A82+2,4D+increased",1x,1064.94,increased,4,0,0,0
GC,33,1,A82,"2,4D","A82+2,4D+increased",2x,2129.88,increased,1,,,
GC,34,1,A82,"2,4D","A82+2,4D+increased",2x,2129.88,increased,2,,,
GC,35,1,A82,"2,4D","A82+2,4D+increased",2x,2129.88,increased,3,,,
GC,36,1,A82,"2,4D","A82+2,4D+increased",2x,2129.88,increased,4,,,
GC,37,1,A82,"2,4D","A82+2,4D+increased",4x,4259.75,increased,1,0,0,0
GC,38,1,A82,"2,4D","A82+2,4D+increased",4x,4259.75,increased,2,0,0,0
GC,39,1,A82,"2,4D","A82+2,4D+increased",4x,4259.75,increased,3,0,0,0
GC,40,1,A82,"2,4D","A82+2,4D+increased",4x,4259.75,increased,4,0,0,0
GC,41,1,A82,"2,4D","A82+2,4D+ambient",0x,0,ambient,1,1,2.52,1
GC,42,1,A82,"2,4D","A82+2,4D+ambient",0x,0,ambient,2,1,3.027,1
GC,43,1,A82,"2,4D","A82+2,4D+ambient",0x,0,ambient,3,1,2.915,1
GC,44,1,A82,"2,4D","A82+2,4D+ambient",0x,0,ambient,4,1,2.599,1
GC,45,1,A82,"2,4D","A82+2,4D+ambient",0.015x,16.64,ambient,1,1,2.624,0.948919628
GC,46,1,A82,"2,4D","A82+2,4D+ambient",0.015x,16.64,ambient,2,1,1.653,0.59777597
GC,47,1,A82,"2,4D","A82+2,4D+ambient",0.015x,16.64,ambient,3,1,2.636,0.953259199
GC,48,1,A82,"2,4D","A82+2,4D+ambient",0.015x,16.64,ambient,4,1,2.654,0.959768556
GC,49,1,A82,"2,4D","A82+2,4D+ambient",0.031x,33.28,ambient,1,1,2.117,0.765572733
GC,50,1,A82,"2,4D","A82+2,4D+ambient",0.031x,33.28,ambient,2,1,2.773,1
GC,51,1,A82,"2,4D","A82+2,4D+ambient",0.031x,33.28,ambient,3,1,2.309,0.835005877
GC,52,1,A82,"2,4D","A82+2,4D+ambient",0.031x,33.28,ambient,4,1,2.543,0.91962752
GC,53,1,A82,"2,4D","A82+2,4D+ambient",0.062x,66.56,ambient,1,1,1.101,0.398155682
GC,54,1,A82,"2,4D","A82+2,4D+ambient",0.062x,66.56,ambient,2,1,2.593,0.937709068
GC,55,1,A82,"2,4D","A82+2,4D+ambient",0.062x,66.56,ambient,3,1,1.608,0.581502577
GC,56,1,A82,"2,4D","A82+2,4D+ambient",0.062x,66.56,ambient,4,0,0,0
GC,57,1,A82,"2,4D","A82+2,4D+ambient",0.125x,133.12,ambient,1,1,1.835,0.663592804
GC,58,1,A82,"2,4D","A82+2,4D+ambient",0.125x,133.12,ambient,2,1,1.551,0.560889612
GC,59,1,A82,"2,4D","A82+2,4D+ambient",0.125x,133.12,ambient,3,1,1.631,0.589820089
GC,60,1,A82,"2,4D","A82+2,4D+ambient",0.125x,133.12,ambient,4,1,1.121,0.405388301
GC,61,1,A82,"2,4D","A82+2,4D+ambient",0.25x,266.23,ambient,1,0,0,0
GC,62,1,A82,"2,4D","A82+2,4D+ambient",0.25x,266.23,ambient,2,1,1.151,0.41623723
GC,63,1,A82,"2,4D","A82+2,4D+ambient",0.25x,266.23,ambient,3,1,0.836,0.302323479
GC,64,1,A82,"2,4D","A82+2,4D+ambient",0.25x,266.23,ambient,4,0,0,0
GC,65,1,A82,"2,4D","A82+2,4D+ambient",0.5x,532.47,ambient,1,1,0.408,0.14754543
GC,66,1,A82,"2,4D","A82+2,4D+ambient",0.5x,532.47,ambient,2,0,0,0
GC,67,1,A82,"2,4D","A82+2,4D+ambient",0.5x,532.47,ambient,3,1,0.451,0.163095561
GC,68,1,A82,"2,4D","A82+2,4D+ambient",0.5x,532.47,ambient,4,0,0,0
GC,69,1,A82,"2,4D","A82+2,4D+ambient",1x,1064.94,ambient,1,0,0,0
GC,70,1,A82,"2,4D","A82+2,4D+ambient",1x,1064.94,ambient,2,0,0,0
GC,71,1,A82,"2,4D","A82+2,4D+ambient",1x,1064.94,ambient,3,0,0,0
GC,72,1,A82,"2,4D","A82+2,4D+ambient",1x,1064.94,ambient,4,0,0,0
GC,73,1,A82,"2,4D","A82+2,4D+ambient",2x,2129.88,ambient,1,0,0,0
GC,74,1,A82,"2,4D","A82+2,4D+ambient",2x,2129.88,ambient,2,0,0,0
GC,75,1,A82,"2,4D","A82+2,4D+ambient",2x,2129.88,ambient,3,0,0,0
GC,76,1,A82,"2,4D","A82+2,4D+ambient",2x,2129.88,ambient,4,0,0,0
GC,77,1,A82,"2,4D","A82+2,4D+ambient",4x,4259.75,ambient,1,0,0,0
GC,78,1,A82,"2,4D","A82+2,4D+ambient",4x,4259.75,ambient,2,0,0,0
GC,79,1,A82,"2,4D","A82+2,4D+ambient",4x,4259.75,ambient,3,0,0,0
GC,80,1,A82,"2,4D","A82+2,4D+ambient",4x,4259.75,ambient,4,0,0,0
GC,81,1,A101,"2,4D","A101+2,4D+increased",0x,0,increased,1,1,2.002,1
GC,82,1,A101,"2,4D","A101+2,4D+increased",0x,0,increased,2,1,3.009,1
GC,83,1,A101,"2,4D","A101+2,4D+increased",0x,0,increased,3,1,2.558,1
GC,84,1,A101,"2,4D","A101+2,4D+increased",0x,0,increased,4,1,3.426,1
GC,85,1,A101,"2,4D","A101+2,4D+increased",0.015x,16.64,increased,1,1,1.559,0.567166894
GC,86,1,A101,"2,4D","A101+2,4D+increased",0.015x,16.64,increased,2,1,2.608,0.948794907
GC,87,1,A101,"2,4D","A101+2,4D+increased",0.015x,16.64,increased,3,1,1.616,0.587903593
GC,88,1,A101,"2,4D","A101+2,4D+increased",0.015x,16.64,increased,4,1,4.039,1
GC,89,1,A101,"2,4D","A101+2,4D+increased",0.031x,33.28,increased,1,1,2.167,0.788358345
GC,90,1,A101,"2,4D","A101+2,4D+increased",0.031x,33.28,increased,2,1,2.264,0.823647112
GC,91,1,A101,"2,4D","A101+2,4D+increased",0.031x,33.28,increased,3,1,1.319,0.479854479
GC,92,1,A101,"2,4D","A101+2,4D+increased",0.031x,33.28,increased,4,1,1.557,0.566439291
GC,93,1,A101,"2,4D","A101+2,4D+increased",0.062x,66.56,increased,1,1,2.353,0.856025466
GC,94,1,A101,"2,4D","A101+2,4D+increased",0.062x,66.56,increased,2,1,2.604,0.9473397
GC,95,1,A101,"2,4D","A101+2,4D+increased",0.062x,66.56,increased,3,1,2.325,0.845839018
GC,96,1,A101,"2,4D","A101+2,4D+increased",0.062x,66.56,increased,4,1,1.612,0.586448386
GC,97,1,A101,"2,4D","A101+2,4D+increased",0.125x,133.12,increased,1,1,1.152,0.419099591
GC,98,1,A101,"2,4D","A101+2,4D+increased",0.125x,133.12,increased,2,1,1.848,0.672305593
GC,99,1,A101,"2,4D","A101+2,4D+increased",0.125x,133.12,increased,3,1,0.585,0.212824011
GC,100,1,A101,"2,4D","A101+2,4D+increased",0.125x,133.12,increased,4,1,0.957,0.348158254
GC,101,1,A101,"2,4D","A101+2,4D+increased",0.25x,266.23,increased,1,1,1.884,0.685402456
GC,102,1,A101,"2,4D","A101+2,4D+increased",0.25x,266.23,increased,2,1,1.737,0.631923602
GC,103,1,A101,"2,4D","A101+2,4D+increased",0.25x,266.23,increased,3,0,0,0
GC,104,1,A101,"2,4D","A101+2,4D+increased",0.25x,266.23,increased,4,1,1.802,0.655570714
GC,105,1,A101,"2,4D","A101+2,4D+increased",0.5x,532.47,increased,1,1,1.466,0.533333333
GC,106,1,A101,"2,4D","A101+2,4D+increased",0.5x,532.47,increased,2,1,0.381,0.138608458
GC,107,1,A101,"2,4D","A101+2,4D+increased",0.5x,532.47,increased,3,1,0.814,0.296134607
GC,108,1,A101,"2,4D","A101+2,4D+increased",0.5x,532.47,increased,4,1,0.683,0.24847658
GC,109,1,A101,"2,4D","A101+2,4D+increased",1x,1064.94,increased,1,1,0.616,0.224101864
GC,110,1,A101,"2,4D","A101+2,4D+increased",1x,1064.94,increased,2,1,0.955,0.34743065
GC,111,1,A101,"2,4D","A101+2,4D+increased",1x,1064.94,increased,3,1,0.242,0.088040018
GC,112,1,A101,"2,4D","A101+2,4D+increased",1x,1064.94,increased,4,0,0,0
GC,113,1,A101,"2,4D","A101+2,4D+increased",2x,2129.88,increased,1,,,
GC,114,1,A101,"2,4D","A101+2,4D+increased",2x,2129.88,increased,2,,,
GC,115,1,A101,"2,4D","A101+2,4D+increased",2x,2129.88,increased,3,,,
GC,116,1,A101,"2,4D","A101+2,4D+increased",2x,2129.88,increased,4,,,
GC,117,1,A101,"2,4D","A101+2,4D+increased",4x,4259.75,increased,1,0,0,0
GC,118,1,A101,"2,4D","A101+2,4D+increased",4x,4259.75,increased,2,1,0.191,0.06948613
GC,119,1,A101,"2,4D","A101+2,4D+increased",4x,4259.75,increased,3,0,0,0
GC,120,1,A101,"2,4D","A101+2,4D+increased",4x,4259.75,increased,4,0,0,0
GC,121,1,A101,"2,4D+P450","A101+2,4D+P450+increased",0x,0,increased,1,1,2.816,1
GC,122,1,A101,"2,4D+P450","A101+2,4D+P450+increased",0x,0,increased,2,1,2.408,1
GC,123,1,A101,"2,4D+P450","A101+2,4D+P450+increased",0x,0,increased,3,1,2.418,1
GC,124,1,A101,"2,4D+P450","A101+2,4D+P450+increased",0x,0,increased,4,1,1.005,1
GC,125,1,A101,"2,4D+P450","A101+2,4D+P450+increased",0.015x,16.64,increased,1,1,2.246,1
GC,126,1,A101,"2,4D+P450","A101+2,4D+P450+increased",0.015x,16.64,increased,2,1,3.521,1
GC,127,1,A101,"2,4D+P450","A101+2,4D+P450+increased",0.015x,16.64,increased,3,1,1.352,0.625419221
GC,128,1,A101,"2,4D+P450","A101+2,4D+P450+increased",0.015x,16.64,increased,4,1,0.763,0.352954782
GC,129,1,A101,"2,4D+P450","A101+2,4D+P450+increased",0.031x,33.28,increased,1,1,1.897,0.877529779
GC,130,1,A101,"2,4D+P450","A101+2,4D+P450+increased",0.031x,33.28,increased,2,1,0.902,0.417254539
GC,131,1,A101,"2,4D+P450","A101+2,4D+P450+increased",0.031x,33.28,increased,3,1,2.549,1
GC,132,1,A101,"2,4D+P450","A101+2,4D+P450+increased",0.031x,33.28,increased,4,1,0.82,0.379322308
GC,133,1,A101,"2,4D+P450","A101+2,4D+P450+increased",0.062x,66.56,increased,1,0,0,0
GC,134,1,A101,"2,4D+P450","A101+2,4D+P450+increased",0.062x,66.56,increased,2,1,1.912,0.884468602
GC,135,1,A101,"2,4D+P450","A101+2,4D+P450+increased",0.062x,66.56,increased,3,1,2.179,1
GC,136,1,A101,"2,4D+P450","A101+2,4D+P450+increased",0.062x,66.56,increased,4,1,1.677,0.775760379
GC,137,1,A101,"2,4D+P450","A101+2,4D+P450+increased",0.125x,133.12,increased,1,1,1.141,0.527813114
GC,138,1,A101,"2,4D+P450","A101+2,4D+P450+increased",0.125x,133.12,increased,2,1,0.439,0.203076211
GC,139,1,A101,"2,4D+P450","A101+2,4D+P450+increased",0.125x,133.12,increased,3,1,2.332,1
GC,140,1,A101,"2,4D+P450","A101+2,4D+P450+increased",0.125x,133.12,increased,4,1,1.687,0.780386261
GC,141,1,A101,"2,4D+P450","A101+2,4D+P450+increased",0.25x,266.23,increased,1,0,0,0
GC,142,1,A101,"2,4D+P450","A101+2,4D+P450+increased",0.25x,266.23,increased,2,1,1.893,0.875679426
GC,143,1,A101,"2,4D+P450","A101+2,4D+P450+increased",0.25x,266.23,increased,3,1,0.495,0.22898115
GC,144,1,A101,"2,4D+P450","A101+2,4D+P450+increased",0.25x,266.23,increased,4,1,0.559,0.258586793
GC,145,1,A101,"2,4D+P450","A101+2,4D+P450+increased",0.5x,532.47,increased,1,0,0,0
GC,146,1,A101,"2,4D+P450","A101+2,4D+P450+increased",0.5x,532.47,increased,2,1,0.659,0.304845611
GC,147,1,A101,"2,4D+P450","A101+2,4D+P450+increased",0.5x,532.47,increased,3,1,0.742,0.34324043
GC,148,1,A101,"2,4D+P450","A101+2,4D+P450+increased",0.5x,532.47,increased,4,1,0.308,0.14247716
GC,149,1,A101,"2,4D+P450","A101+2,4D+P450+increased",1x,1064.94,increased,1,0,0,0
GC,150,1,A101,"2,4D+P450","A101+2,4D+P450+increased",1x,1064.94,increased,2,1,0.314,0.145252689
GC,151,1,A101,"2,4D+P450","A101+2,4D+P450+increased",1x,1064.94,increased,3,1,0.357,0.165143981
GC,152,1,A101,"2,4D+P450","A101+2,4D+P450+increased",1x,1064.94,increased,4,0,0,0
GC,153,1,A101,"2,4D+P450","A101+2,4D+P450+increased",2x,2129.88,increased,1,,,
GC,154,1,A101,"2,4D+P450","A101+2,4D+P450+increased",2x,2129.88,increased,2,1,0.157,0.072626344
GC,155,1,A101,"2,4D+P450","A101+2,4D+P450+increased",2x,2129.88,increased,3,1,0.273,0.126286573
GC,156,1,A101,"2,4D+P450","A101+2,4D+P450+increased",2x,2129.88,increased,4,0,0,0
GC,157,1,A101,"2,4D+P450","A101+2,4D+P450+increased",4x,4259.75,increased,1,1,0.077,0.03561929
GC,158,1,A101,"2,4D+P450","A101+2,4D+P450+increased",4x,4259.75,increased,2,0,0,0
GC,159,1,A101,"2,4D+P450","A101+2,4D+P450+increased",4x,4259.75,increased,3,0,0,0
GC,160,1,A101,"2,4D+P450","A101+2,4D+P450+increased",4x,4259.75,increased,4,1,0.185,0.085578813
GC,161,1,A101,"2,4D+GST","A101+2,4D+GST+increased",0x,0,increased,1,1,3.261,1
GC,162,1,A101,"2,4D+GST","A101+2,4D+GST+increased",0x,0,increased,2,1,0.811,1
GC,163,1,A101,"2,4D+GST","A101+2,4D+GST+increased",0x,0,increased,3,1,2.599,1
GC,164,1,A101,"2,4D+GST","A101+2,4D+GST+increased",0x,0,increased,4,1,1.819,1
GC,165,1,A101,"2,4D+GST","A101+2,4D+GST+increased",0.015x,16.64,increased,1,1,3.086,1
GC,166,1,A101,"2,4D+GST","A101+2,4D+GST+increased",0.015x,16.64,increased,2,1,1.855,0.873969376
GC,167,1,A101,"2,4D+GST","A101+2,4D+GST+increased",0.015x,16.64,increased,3,1,1.095,0.51590106
GC,168,1,A101,"2,4D+GST","A101+2,4D+GST+increased",0.015x,16.64,increased,4,1,1.396,0.657714959
GC,169,1,A101,"2,4D+GST","A101+2,4D+GST+increased",0.031x,33.28,increased,1,1,1.892,0.891401649
GC,170,1,A101,"2,4D+GST","A101+2,4D+GST+increased",0.031x,33.28,increased,2,1,1.857,0.874911661
GC,171,1,A101,"2,4D+GST","A101+2,4D+GST+increased",0.031x,33.28,increased,3,1,2.242,1
GC,172,1,A101,"2,4D+GST","A101+2,4D+GST+increased",0.031x,33.28,increased,4,1,2.389,1
GC,173,1,A101,"2,4D+GST","A101+2,4D+GST+increased",0.062x,66.56,increased,1,1,2.671,1
GC,174,1,A101,"2,4D+GST","A101+2,4D+GST+increased",0.062x,66.56,increased,2,1,1.782,0.839575972
GC,175,1,A101,"2,4D+GST","A101+2,4D+GST+increased",0.062x,66.56,increased,3,1,1.631,0.768433451
GC,176,1,A101,"2,4D+GST","A101+2,4D+GST+increased",0.062x,66.56,increased,4,1,1.899,0.894699647
GC,177,1,A101,"2,4D+GST","A101+2,4D+GST+increased",0.125x,133.12,increased,1,1,1.948,0.91778563
GC,178,1,A101,"2,4D+GST","A101+2,4D+GST+increased",0.125x,133.12,increased,2,1,0.887,0.417903416
GC,179,1,A101,"2,4D+GST","A101+2,4D+GST+increased",0.125x,133.12,increased,3,1,2.401,1
GC,180,1,A101,"2,4D+GST","A101+2,4D+GST+increased",0.125x,133.12,increased,4,1,1.924,0.90647821
GC,181,1,A101,"2,4D+GST","A101+2,4D+GST+increased",0.25x,266.23,increased,1,0,0,0
GC,182,1,A101,"2,4D+GST","A101+2,4D+GST+increased",0.25x,266.23,increased,2,1,2.11,0.994110718
GC,183,1,A101,"2,4D+GST","A101+2,4D+GST+increased",0.25x,266.23,increased,3,1,1.467,0.691166078
GC,184,1,A101,"2,4D+GST","A101+2,4D+GST+increased",0.25x,266.23,increased,4,0,0,0
GC,185,1,A101,"2,4D+GST","A101+2,4D+GST+increased",0.5x,532.47,increased,1,1,0.231,0.108833922
GC,186,1,A101,"2,4D+GST","A101+2,4D+GST+increased",0.5x,532.47,increased,2,1,1.255,0.591283863
GC,187,1,A101,"2,4D+GST","A101+2,4D+GST+increased",0.5x,532.47,increased,3,1,1.476,0.69540636
GC,188,1,A101,"2,4D+GST","A101+2,4D+GST+increased",0.5x,532.47,increased,4,1,0.786,0.370318021
GC,189,1,A101,"2,4D+GST","A101+2,4D+GST+increased",1x,1064.94,increased,1,0,0,0
GC,190,1,A101,"2,4D+GST","A101+2,4D+GST+increased",1x,1064.94,increased,2,1,1.242,0.585159011
GC,191,1,A101,"2,4D+GST","A101+2,4D+GST+increased",1x,1064.94,increased,3,0,0,0
GC,192,1,A101,"2,4D+GST","A101+2,4D+GST+increased",1x,1064.94,increased,4,0,0,0
GC,193,1,A101,"2,4D+GST","A101+2,4D+GST+increased",2x,2129.88,increased,1,0,0,0
GC,194,1,A101,"2,4D+GST","A101+2,4D+GST+increased",2x,2129.88,increased,2,0,0,0
GC,195,1,A101,"2,4D+GST","A101+2,4D+GST+increased",2x,2129.88,increased,3,,,
GC,196,1,A101,"2,4D+GST","A101+2,4D+GST+increased",2x,2129.88,increased,4,0,0,0
GC,197,1,A101,"2,4D+GST","A101+2,4D+GST+increased",4x,4259.75,increased,1,0,0,0
GC,198,1,A101,"2,4D+GST","A101+2,4D+GST+increased",4x,4259.75,increased,2,0,0,0
GC,199,1,A101,"2,4D+GST","A101+2,4D+GST+increased",4x,4259.75,increased,3,0,0,0
GC,200,1,A101,"2,4D+GST","A101+2,4D+GST+increased",4x,4259.75,increased,4,0,0,0
GC,201,1,A101,"2,4D","A101+2,4D+ambient",0x,0,ambient,1,1,1.256,1
GC,202,1,A101,"2,4D","A101+2,4D+ambient",0x,0,ambient,2,1,1.92,1
GC,203,1,A101,"2,4D","A101+2,4D+ambient",0x,0,ambient,3,1,2.298,1
GC,204,1,A101,"2,4D","A101+2,4D+ambient",0x,0,ambient,4,1,1.241,1
GC,205,1,A101,"2,4D","A101+2,4D+ambient",0.015x,16.64,ambient,1,1,1.855,1
GC,206,1,A101,"2,4D","A101+2,4D+ambient",0.015x,16.64,ambient,2,1,1.033,0.615338794
GC,207,1,A101,"2,4D","A101+2,4D+ambient",0.015x,16.64,ambient,3,1,1.149,0.684437826
GC,208,1,A101,"2,4D","A101+2,4D+ambient",0.015x,16.64,ambient,4,1,1.496,0.891139241
GC,209,1,A101,"2,4D","A101+2,4D+ambient",0.031x,33.28,ambient,1,1,0.908,0.54087863
GC,210,1,A101,"2,4D","A101+2,4D+ambient",0.031x,33.28,ambient,2,1,1.007,0.59985108
GC,211,1,A101,"2,4D","A101+2,4D+ambient",0.031x,33.28,ambient,3,1,2.132,1
GC,212,1,A101,"2,4D","A101+2,4D+ambient",0.031x,33.28,ambient,4,1,1.98,1
GC,213,1,A101,"2,4D","A101+2,4D+ambient",0.062x,66.56,ambient,1,1,1.468,0.874460164
GC,214,1,A101,"2,4D","A101+2,4D+ambient",0.062x,66.56,ambient,2,1,2.095,1
GC,215,1,A101,"2,4D","A101+2,4D+ambient",0.062x,66.56,ambient,3,1,1.268,0.755323902
GC,216,1,A101,"2,4D","A101+2,4D+ambient",0.062x,66.56,ambient,4,1,1.395,0.830975428
GC,217,1,A101,"2,4D","A101+2,4D+ambient",0.125x,133.12,ambient,1,1,1.9,1
GC,218,1,A101,"2,4D","A101+2,4D+ambient",0.125x,133.12,ambient,2,1,0.793,0.472375279
GC,219,1,A101,"2,4D","A101+2,4D+ambient",0.125x,133.12,ambient,3,1,1.536,0.914966493
GC,220,1,A101,"2,4D","A101+2,4D+ambient",0.125x,133.12,ambient,4,1,0.801,0.47714073
GC,221,1,A101,"2,4D","A101+2,4D+ambient",0.25x,266.23,ambient,1,1,1.032,0.614743112
GC,222,1,A101,"2,4D","A101+2,4D+ambient",0.25x,266.23,ambient,2,0,0,0
GC,223,1,A101,"2,4D","A101+2,4D+ambient",0.25x,266.23,ambient,3,1,1.821,1
GC,224,1,A101,"2,4D","A101+2,4D+ambient",0.25x,266.23,ambient,4,0,0,0
GC,225,1,A101,"2,4D","A101+2,4D+ambient",0.5x,532.47,ambient,1,1,0.515,0.306775875
GC,226,1,A101,"2,4D","A101+2,4D+ambient",0.5x,532.47,ambient,2,0,0,0
GC,227,1,A101,"2,4D","A101+2,4D+ambient",0.5x,532.47,ambient,3,1,0.366,0.21801936
GC,228,1,A101,"2,4D","A101+2,4D+ambient",0.5x,532.47,ambient,4,1,0.436,0.259717051
GC,229,1,A101,"2,4D","A101+2,4D+ambient",1x,1064.94,ambient,1,1,0.404,0.240655249
GC,230,1,A101,"2,4D","A101+2,4D+ambient",1x,1064.94,ambient,2,1,0.367,0.218615041
GC,231,1,A101,"2,4D","A101+2,4D+ambient",1x,1064.94,ambient,3,0,0,0
GC,232,1,A101,"2,4D","A101+2,4D+ambient",1x,1064.94,ambient,4,1,0.416,0.247803425
GC,233,1,A101,"2,4D","A101+2,4D+ambient",2x,2129.88,ambient,1,0,0,0
GC,234,1,A101,"2,4D","A101+2,4D+ambient",2x,2129.88,ambient,2,0,0,0
GC,235,1,A101,"2,4D","A101+2,4D+ambient",2x,2129.88,ambient,3,0,0,0
GC,236,1,A101,"2,4D","A101+2,4D+ambient",2x,2129.88,ambient,4,0,0,0
GC,237,1,A101,"2,4D","A101+2,4D+ambient",4x,4259.75,ambient,1,1,0.168,0.10007446
GC,238,1,A101,"2,4D","A101+2,4D+ambient",4x,4259.75,ambient,2,0,0,0
GC,239,1,A101,"2,4D","A101+2,4D+ambient",4x,4259.75,ambient,3,0,0,0
GC,240,1,A101,"2,4D","A101+2,4D+ambient",4x,4259.75,ambient,4,1,0.163,0.097096054
GC,241,1,A101,"2,4D+P450","A101+2,4D+P450+ambient",0x,0,ambient,1,1,1.132,1
GC,242,1,A101,"2,4D+P450","A101+2,4D+P450+ambient",0x,0,ambient,2,1,2.254,1
GC,243,1,A101,"2,4D+P450","A101+2,4D+P450+ambient",0x,0,ambient,3,1,2.283,1
GC,244,1,A101,"2,4D+P450","A101+2,4D+P450+ambient",0x,0,ambient,4,1,1.795,1
GC,245,1,A101,"2,4D+P450","A101+2,4D+P450+ambient",0.015x,16.64,ambient,1,1,1.054,0.564844587
GC,246,1,A101,"2,4D+P450","A101+2,4D+P450+ambient",0.015x,16.64,ambient,2,1,1.989,1
GC,247,1,A101,"2,4D+P450","A101+2,4D+P450+ambient",0.015x,16.64,ambient,3,1,1.461,0.782958199
GC,248,1,A101,"2,4D+P450","A101+2,4D+P450+ambient",0.015x,16.64,ambient,4,1,1.013,0.542872454
GC,249,1,A101,"2,4D+P450","A101+2,4D+P450+ambient",0.031x,33.28,ambient,1,1,0.852,0.45659164
GC,250,1,A101,"2,4D+P450","A101+2,4D+P450+ambient",0.031x,33.28,ambient,2,1,0.728,0.390139335
GC,251,1,A101,"2,4D+P450","A101+2,4D+P450+ambient",0.031x,33.28,ambient,3,1,1.958,1
GC,252,1,A101,"2,4D+P450","A101+2,4D+P450+ambient",0.031x,33.28,ambient,4,1,1.312,0.703108253
GC,253,1,A101,"2,4D+P450","A101+2,4D+P450+ambient",0.062x,66.56,ambient,1,1,1.686,0.903536977
GC,254,1,A101,"2,4D+P450","A101+2,4D+P450+ambient",0.062x,66.56,ambient,2,1,1.824,0.977491961
GC,255,1,A101,"2,4D+P450","A101+2,4D+P450+ambient",0.062x,66.56,ambient,3,1,0.632,0.33869239
GC,256,1,A101,"2,4D+P450","A101+2,4D+P450+ambient",0.062x,66.56,ambient,4,1,1.246,0.667738478
GC,257,1,A101,"2,4D+P450","A101+2,4D+P450+ambient",0.125x,133.12,ambient,1,1,0.663,0.355305466
GC,258,1,A101,"2,4D+P450","A101+2,4D+P450+ambient",0.125x,133.12,ambient,2,1,0.816,0.437299035
GC,259,1,A101,"2,4D+P450","A101+2,4D+P450+ambient",0.125x,133.12,ambient,3,1,0.644,0.345123258
GC,260,1,A101,"2,4D+P450","A101+2,4D+P450+ambient",0.125x,133.12,ambient,4,1,0.693,0.371382637
GC,261,1,A101,"2,4D+P450","A101+2,4D+P450+ambient",0.25x,266.23,ambient,1,1,0.932,0.499464094
GC,262,1,A101,"2,4D+P450","A101+2,4D+P450+ambient",0.25x,266.23,ambient,2,1,0.507,0.27170418
GC,263,1,A101,"2,4D+P450","A101+2,4D+P450+ambient",0.25x,266.23,ambient,3,1,0.872,0.467309753
GC,264,1,A101,"2,4D+P450","A101+2,4D+P450+ambient",0.25x,266.23,ambient,4,1,1.041,0.557877814
GC,265,1,A101,"2,4D+P450","A101+2,4D+P450+ambient",0.5x,532.47,ambient,1,1,0.258,0.138263666
GC,266,1,A101,"2,4D+P450","A101+2,4D+P450+ambient",0.5x,532.47,ambient,2,1,0.574,0.307609861
GC,267,1,A101,"2,4D+P450","A101+2,4D+P450+ambient",0.5x,532.47,ambient,3,1,1.202,0.644158628
GC,268,1,A101,"2,4D+P450","A101+2,4D+P450+ambient",0.5x,532.47,ambient,4,1,0.29,0.155412647
GC,269,1,A101,"2,4D+P450","A101+2,4D+P450+ambient",1x,1064.94,ambient,1,1,0.398,0.213290461
GC,270,1,A101,"2,4D+P450","A101+2,4D+P450+ambient",1x,1064.94,ambient,2,1,0.383,0.205251876
GC,271,1,A101,"2,4D+P450","A101+2,4D+P450+ambient",1x,1064.94,ambient,3,0,0,0
GC,272,1,A101,"2,4D+P450","A101+2,4D+P450+ambient",1x,1064.94,ambient,4,1,0.234,0.125401929
GC,273,1,A101,"2,4D+P450","A101+2,4D+P450+ambient",2x,2129.88,ambient,1,1,0.464,0.248660236
GC,274,1,A101,"2,4D+P450","A101+2,4D+P450+ambient",2x,2129.88,ambient,2,0,0,0
GC,275,1,A101,"2,4D+P450","A101+2,4D+P450+ambient",2x,2129.88,ambient,3,0,0,0
GC,276,1,A101,"2,4D+P450","A101+2,4D+P450+ambient",2x,2129.88,ambient,4,0,0,0
GC,277,1,A101,"2,4D+P450","A101+2,4D+P450+ambient",4x,4259.75,ambient,1,1,0.132,0.07073955
GC,278,1,A101,"2,4D+P450","A101+2,4D+P450+ambient",4x,4259.75,ambient,2,1,0.477,0.25562701
GC,279,1,A101,"2,4D+P450","A101+2,4D+P450+ambient",4x,4259.75,ambient,3,0,0,0
GC,280,1,A101,"2,4D+P450","A101+2,4D+P450+ambient",4x,4259.75,ambient,4,1,0.199,0.10664523
GC,281,1,A101,"2,4D+GST","A101+2,4D+GST+ambient",0x,0,ambient,1,1,1.493,1
GC,282,1,A101,"2,4D+GST","A101+2,4D+GST+ambient",0x,0,ambient,2,1,2.421,1
GC,283,1,A101,"2,4D+GST","A101+2,4D+GST+ambient",0x,0,ambient,3,1,0.997,1
GC,284,1,A101,"2,4D+GST","A101+2,4D+GST+ambient",0x,0,ambient,4,1,1.706,1
GC,285,1,A101,"2,4D+GST","A101+2,4D+GST+ambient",0.015x,16.64,ambient,1,1,1.561,0.943630044
GC,286,1,A101,"2,4D+GST","A101+2,4D+GST+ambient",0.015x,16.64,ambient,2,1,1.032,0.623847665
GC,287,1,A101,"2,4D+GST","A101+2,4D+GST+ambient",0.015x,16.64,ambient,3,1,1.053,0.63654224
GC,288,1,A101,"2,4D+GST","A101+2,4D+GST+ambient",0.015x,16.64,ambient,4,1,1.739,1
GC,289,1,A101,"2,4D+GST","A101+2,4D+GST+ambient",0.031x,33.28,ambient,1,1,1.563,0.944839051
GC,290,1,A101,"2,4D+GST","A101+2,4D+GST+ambient",0.031x,33.28,ambient,2,1,1.354,0.818497809
GC,291,1,A101,"2,4D+GST","A101+2,4D+GST+ambient",0.031x,33.28,ambient,3,1,0.976,0.589995466
GC,292,1,A101,"2,4D+GST","A101+2,4D+GST+ambient",0.031x,33.28,ambient,4,1,1.395,0.843282454
GC,293,1,A101,"2,4D+GST","A101+2,4D+GST+ambient",0.062x,66.56,ambient,1,1,1.545,0.933957987
GC,294,1,A101,"2,4D+GST","A101+2,4D+GST+ambient",0.062x,66.56,ambient,2,1,2.023,1
GC,295,1,A101,"2,4D+GST","A101+2,4D+GST+ambient",0.062x,66.56,ambient,3,1,0.873,0.5277316
GC,296,1,A101,"2,4D+GST","A101+2,4D+GST+ambient",0.062x,66.56,ambient,4,1,1.055,0.637751247
GC,297,1,A101,"2,4D+GST","A101+2,4D+GST+ambient",0.125x,133.12,ambient,1,0,0,0
GC,298,1,A101,"2,4D+GST","A101+2,4D+GST+ambient",0.125x,133.12,ambient,2,1,0.651,0.393531812
GC,299,1,A101,"2,4D+GST","A101+2,4D+GST+ambient",0.125x,133.12,ambient,3,0,0,0
GC,300,1,A101,"2,4D+GST","A101+2,4D+GST+ambient",0.125x,133.12,ambient,4,1,0.902,0.545262203
GC,301,1,A101,"2,4D+GST","A101+2,4D+GST+ambient",0.25x,266.23,ambient,1,1,0.731,0.441892096
GC,302,1,A101,"2,4D+GST","A101+2,4D+GST+ambient",0.25x,266.23,ambient,2,0,0,0
GC,303,1,A101,"2,4D+GST","A101+2,4D+GST+ambient",0.25x,266.23,ambient,3,0,0,0
GC,304,1,A101,"2,4D+GST","A101+2,4D+GST+ambient",0.25x,266.23,ambient,4,0,0,0
GC,305,1,A101,"2,4D+GST","A101+2,4D+GST+ambient",0.5x,532.47,ambient,1,0,0,0
GC,306,1,A101,"2,4D+GST","A101+2,4D+GST+ambient",0.5x,532.47,ambient,2,1,0.466,0.281698655
GC,307,1,A101,"2,4D+GST","A101+2,4D+GST+ambient",0.5x,532.47,ambient,3,1,0.582,0.351821067
GC,308,1,A101,"2,4D+GST","A101+2,4D+GST+ambient",0.5x,532.47,ambient,4,0,0,0
GC,309,1,A101,"2,4D+GST","A101+2,4D+GST+ambient",1x,1064.94,ambient,1,1,0.142,0.085839504
GC,310,1,A101,"2,4D+GST","A101+2,4D+GST+ambient",1x,1064.94,ambient,2,0,0,0
GC,311,1,A101,"2,4D+GST","A101+2,4D+GST+ambient",1x,1064.94,ambient,3,1,0.242,0.146289859
GC,312,1,A101,"2,4D+GST","A101+2,4D+GST+ambient",1x,1064.94,ambient,4,1,0.631,0.381441741
GC,313,1,A101,"2,4D+GST","A101+2,4D+GST+ambient",2x,2129.88,ambient,1,0,0,0
GC,314,1,A101,"2,4D+GST","A101+2,4D+GST+ambient",2x,2129.88,ambient,2,1,0.198,0.119691703
GC,315,1,A101,"2,4D+GST","A101+2,4D+GST+ambient",2x,2129.88,ambient,3,0,0,0
GC,316,1,A101,"2,4D+GST","A101+2,4D+GST+ambient",2x,2129.88,ambient,4,0,0,0
GC,317,1,A101,"2,4D+GST","A101+2,4D+GST+ambient",4x,4259.75,ambient,1,0,0,0
GC,318,1,A101,"2,4D+GST","A101+2,4D+GST+ambient",4x,4259.75,ambient,2,0,0,0
GC,319,1,A101,"2,4D+GST","A101+2,4D+GST+ambient",4x,4259.75,ambient,3,0,0,0
GC,320,1,A101,"2,4D+GST","A101+2,4D+GST+ambient",4x,4259.75,ambient,4,0,0,0
GC,1,2,A82,"2,4D","A82+2,4D+increased",0x,0,increased,1,1,2.58,1
GC,2,2,A82,"2,4D","A82+2,4D+increased",0x,0,increased,2,1,3.778,1
GC,3,2,A82,"2,4D","A82+2,4D+increased",0x,0,increased,3,1,3.826,1
GC,4,2,A82,"2,4D","A82+2,4D+increased",0x,0,increased,4,1,2.794,1
GC,5,2,A82,"2,4D","A82+2,4D+increased",0.015x,16.64,increased,1,1,4.215,1
GC,6,2,A82,"2,4D","A82+2,4D+increased",0.015x,16.64,increased,2,1,0.332,0.102327015
GC,7,2,A82,"2,4D","A82+2,4D+increased",0.015x,16.64,increased,3,1,3.078,0.948682386
GC,8,2,A82,"2,4D","A82+2,4D+increased",0.015x,16.64,increased,4,1,3.018,0.930189552
GC,9,2,A82,"2,4D","A82+2,4D+increased",0.031x,33.28,increased,1,1,2.638,0.813068269
GC,10,2,A82,"2,4D","A82+2,4D+increased",0.031x,33.28,increased,2,1,2.038,0.628139929
GC,11,2,A82,"2,4D","A82+2,4D+increased",0.031x,33.28,increased,3,1,2.003,0.617352443
GC,12,2,A82,"2,4D","A82+2,4D+increased",0.031x,33.28,increased,4,1,2.853,0.879334258
GC,13,2,A82,"2,4D","A82+2,4D+increased",0.062x,66.56,increased,1,1,1.118,0.344583141
GC,14,2,A82,"2,4D","A82+2,4D+increased",0.062x,66.56,increased,2,0,0,0
GC,15,2,A82,"2,4D","A82+2,4D+increased",0.062x,66.56,increased,3,1,2.719,0.838033595
GC,16,2,A82,"2,4D","A82+2,4D+increased",0.062x,66.56,increased,4,1,2.037,0.627831715
GC,17,2,A82,"2,4D","A82+2,4D+increased",0.125x,133.12,increased,1,1,2.675,0.824472184
GC,18,2,A82,"2,4D","A82+2,4D+increased",0.125x,133.12,increased,2,1,1.529,0.471259054
GC,19,2,A82,"2,4D","A82+2,4D+increased",0.125x,133.12,increased,3,1,2.64,0.813684697
GC,20,2,A82,"2,4D","A82+2,4D+increased",0.125x,133.12,increased,4,1,1.286,0.396363076
GC,21,2,A82,"2,4D","A82+2,4D+increased",0.25x,266.23,increased,1,0,0,0
GC,22,2,A82,"2,4D","A82+2,4D+increased",0.25x,266.23,increased,2,0,0,0
GC,23,2,A82,"2,4D","A82+2,4D+increased",0.25x,266.23,increased,3,1,1.113,0.343042071
GC,24,2,A82,"2,4D","A82+2,4D+increased",0.25x,266.23,increased,4,0,0,0
GC,25,2,A82,"2,4D","A82+2,4D+increased",0.5x,532.47,increased,1,0,0,0
GC,26,2,A82,"2,4D","A82+2,4D+increased",0.5x,532.47,increased,2,0,0,0
GC,27,2,A82,"2,4D","A82+2,4D+increased",0.5x,532.47,increased,3,0,0,0
GC,28,2,A82,"2,4D","A82+2,4D+increased",0.5x,532.47,increased,4,0,0,0
GC,29,2,A82,"2,4D","A82+2,4D+increased",1x,1064.94,increased,1,0,0,0
GC,30,2,A82,"2,4D","A82+2,4D+increased",1x,1064.94,increased,2,0,0,0
GC,31,2,A82,"2,4D","A82+2,4D+increased",1x,1064.94,increased,3,0,0,0
GC,32,2,A82,"2,4D","A82+2,4D+increased",1x,1064.94,increased,4,0,0,0
GC,33,2,A82,"2,4D","A82+2,4D+increased",2x,2129.88,increased,1,0,0,0
GC,34,2,A82,"2,4D","A82+2,4D+increased",2x,2129.88,increased,2,0,0,0
GC,35,2,A82,"2,4D","A82+2,4D+increased",2x,2129.88,increased,3,0,0,0
GC,36,2,A82,"2,4D","A82+2,4D+increased",2x,2129.88,increased,4,0,0,0
GC,37,2,A82,"2,4D","A82+2,4D+increased",4x,4259.75,increased,1,0,0,0
GC,38,2,A82,"2,4D","A82+2,4D+increased",4x,4259.75,increased,2,0,0,0
GC,39,2,A82,"2,4D","A82+2,4D+increased",4x,4259.75,increased,3,0,0,0
GC,40,2,A82,"2,4D","A82+2,4D+increased",4x,4259.75,increased,4,0,0,0
GC,41,2,A82,"2,4D","A82+2,4D+ambient",0x,0,ambient,1,1,4.049,1
GC,42,2,A82,"2,4D","A82+2,4D+ambient",0x,0,ambient,2,1,3.8,1
GC,43,2,A82,"2,4D","A82+2,4D+ambient",0x,0,ambient,3,1,2.501,1
GC,44,2,A82,"2,4D","A82+2,4D+ambient",0x,0,ambient,4,1,4.468,1
GC,45,2,A82,"2,4D","A82+2,4D+ambient",0.015x,16.64,ambient,1,1,2.499,0.674584964
GC,46,2,A82,"2,4D","A82+2,4D+ambient",0.015x,16.64,ambient,2,1,2.471,0.667026589
GC,47,2,A82,"2,4D","A82+2,4D+ambient",0.015x,16.64,ambient,3,1,3.133,0.845728168
GC,48,2,A82,"2,4D","A82+2,4D+ambient",0.015x,16.64,ambient,4,1,2.286,0.617087326
GC,49,2,A82,"2,4D","A82+2,4D+ambient",0.031x,33.28,ambient,1,1,1.611,0.434876502
GC,50,2,A82,"2,4D","A82+2,4D+ambient",0.031x,33.28,ambient,2,0,0,0
GC,51,2,A82,"2,4D","A82+2,4D+ambient",0.031x,33.28,ambient,3,1,3.688,0.995545958
GC,52,2,A82,"2,4D","A82+2,4D+ambient",0.031x,33.28,ambient,4,1,2.42,0.653259549
GC,53,2,A82,"2,4D","A82+2,4D+ambient",0.062x,66.56,ambient,1,1,1.814,0.48967472
GC,54,2,A82,"2,4D","A82+2,4D+ambient",0.062x,66.56,ambient,2,1,2.404,0.648940478
GC,55,2,A82,"2,4D","A82+2,4D+ambient",0.062x,66.56,ambient,3,1,2.848,0.768794709
GC,56,2,A82,"2,4D","A82+2,4D+ambient",0.062x,66.56,ambient,4,1,2.603,0.702658928
GC,57,2,A82,"2,4D","A82+2,4D+ambient",0.125x,133.12,ambient,1,1,2.692,0.726683763
GC,58,2,A82,"2,4D","A82+2,4D+ambient",0.125x,133.12,ambient,2,1,1.195,0.322580645
GC,59,2,A82,"2,4D","A82+2,4D+ambient",0.125x,133.12,ambient,3,1,1.606,0.433526792
GC,60,2,A82,"2,4D","A82+2,4D+ambient",0.125x,133.12,ambient,4,1,2.255,0.608719125
GC,61,2,A82,"2,4D","A82+2,4D+ambient",0.25x,266.23,ambient,1,1,0.966,0.260763936
GC,62,2,A82,"2,4D","A82+2,4D+ambient",0.25x,266.23,ambient,2,1,0.474,0.12795249
GC,63,2,A82,"2,4D","A82+2,4D+ambient",0.25x,266.23,ambient,3,1,0.697,0.188149548
GC,64,2,A82,"2,4D","A82+2,4D+ambient",0.25x,266.23,ambient,4,0,0,0
GC,65,2,A82,"2,4D","A82+2,4D+ambient",0.5x,532.47,ambient,1,1,0.284,0.076663517
GC,66,2,A82,"2,4D","A82+2,4D+ambient",0.5x,532.47,ambient,2,0,0,0
GC,67,2,A82,"2,4D","A82+2,4D+ambient",0.5x,532.47,ambient,3,1,0.404,0.109056553
GC,68,2,A82,"2,4D","A82+2,4D+ambient",0.5x,532.47,ambient,4,0,0,0
GC,69,2,A82,"2,4D","A82+2,4D+ambient",1x,1064.94,ambient,1,0,0,0
GC,70,2,A82,"2,4D","A82+2,4D+ambient",1x,1064.94,ambient,2,0,0,0
GC,71,2,A82,"2,4D","A82+2,4D+ambient",1x,1064.94,ambient,3,0,0,0
GC,72,2,A82,"2,4D","A82+2,4D+ambient",1x,1064.94,ambient,4,0,0,0
GC,73,2,A82,"2,4D","A82+2,4D+ambient",2x,2129.88,ambient,1,0,0,0
GC,74,2,A82,"2,4D","A82+2,4D+ambient",2x,2129.88,ambient,2,1,0.36,0.097179106
GC,75,2,A82,"2,4D","A82+2,4D+ambient",2x,2129.88,ambient,3,0,0,0
GC,76,2,A82,"2,4D","A82+2,4D+ambient",2x,2129.88,ambient,4,0,0,0
GC,77,2,A82,"2,4D","A82+2,4D+ambient",4x,4259.75,ambient,1,0,0,0
GC,78,2,A82,"2,4D","A82+2,4D+ambient",4x,4259.75,ambient,2,0,0,0
GC,79,2,A82,"2,4D","A82+2,4D+ambient",4x,4259.75,ambient,3,0,0,0
GC,80,2,A82,"2,4D","A82+2,4D+ambient",4x,4259.75,ambient,4,0,0,0
GC,81,2,A101,"2,4D","A101+2,4D+increased",0x,0,increased,1,1,2.906,1
GC,82,2,A101,"2,4D","A101+2,4D+increased",0x,0,increased,2,1,1.455,1
GC,83,2,A101,"2,4D","A101+2,4D+increased",0x,0,increased,3,1,2.02,1
GC,84,2,A101,"2,4D","A101+2,4D+increased",0x,0,increased,4,1,2.787,1
GC,85,2,A101,"2,4D","A101+2,4D+increased",0.015x,16.64,increased,1,1,2.31,1
GC,86,2,A101,"2,4D","A101+2,4D+increased",0.015x,16.64,increased,2,1,3.117,1
GC,87,2,A101,"2,4D","A101+2,4D+increased",0.015x,16.64,increased,3,1,1.085,0.473385689
GC,88,2,A101,"2,4D","A101+2,4D+increased",0.015x,16.64,increased,4,1,2.696,1
GC,89,2,A101,"2,4D","A101+2,4D+increased",0.031x,33.28,increased,1,1,2.222,0.969458988
GC,90,2,A101,"2,4D","A101+2,4D+increased",0.031x,33.28,increased,2,1,2.023,0.882635253
GC,91,2,A101,"2,4D","A101+2,4D+increased",0.031x,33.28,increased,3,1,2.403,1
GC,92,2,A101,"2,4D","A101+2,4D+increased",0.031x,33.28,increased,4,1,2.118,0.92408377
GC,93,2,A101,"2,4D","A101+2,4D+increased",0.062x,66.56,increased,1,1,0.562,0.245200698
GC,94,2,A101,"2,4D","A101+2,4D+increased",0.062x,66.56,increased,2,1,2.648,1
GC,95,2,A101,"2,4D","A101+2,4D+increased",0.062x,66.56,increased,3,1,0.213,0.092931937
GC,96,2,A101,"2,4D","A101+2,4D+increased",0.062x,66.56,increased,4,1,2.503,1
GC,97,2,A101,"2,4D","A101+2,4D+increased",0.125x,133.12,increased,1,1,2.059,0.898342059
GC,98,2,A101,"2,4D","A101+2,4D+increased",0.125x,133.12,increased,2,1,1.125,0.490837696
GC,99,2,A101,"2,4D","A101+2,4D+increased",0.125x,133.12,increased,3,1,0.723,0.315445026
GC,100,2,A101,"2,4D","A101+2,4D+increased",0.125x,133.12,increased,4,1,2.07,0.903141361
GC,101,2,A101,"2,4D","A101+2,4D+increased",0.25x,266.23,increased,1,0,0,0
GC,102,2,A101,"2,4D","A101+2,4D+increased",0.25x,266.23,increased,2,1,1.742,0.760034904
GC,103,2,A101,"2,4D","A101+2,4D+increased",0.25x,266.23,increased,3,1,0.175,0.076352531
GC,104,2,A101,"2,4D","A101+2,4D+increased",0.25x,266.23,increased,4,1,1.676,0.731239092
GC,105,2,A101,"2,4D","A101+2,4D+increased",0.5x,532.47,increased,1,0,0,0
GC,106,2,A101,"2,4D","A101+2,4D+increased",0.5x,532.47,increased,2,1,0.341,0.14877836
GC,107,2,A101,"2,4D","A101+2,4D+increased",0.5x,532.47,increased,3,1,0.508,0.221640489
GC,108,2,A101,"2,4D","A101+2,4D+increased",0.5x,532.47,increased,4,1,0.213,0.092931937
GC,109,2,A101,"2,4D","A101+2,4D+increased",1x,1064.94,increased,1,1,0.358,0.156195462
GC,110,2,A101,"2,4D","A101+2,4D+increased",1x,1064.94,increased,2,1,0.334,0.145724258
GC,111,2,A101,"2,4D","A101+2,4D+increased",1x,1064.94,increased,3,1,0.435,0.189790576
GC,112,2,A101,"2,4D","A101+2,4D+increased",1x,1064.94,increased,4,0,0,0
GC,113,2,A101,"2,4D","A101+2,4D+increased",2x,2129.88,increased,1,1,0.235,0.102530541
GC,114,2,A101,"2,4D","A101+2,4D+increased",2x,2129.88,increased,2,0,0,0
GC,115,2,A101,"2,4D","A101+2,4D+increased",2x,2129.88,increased,3,1,0.324,0.141361257
GC,116,2,A101,"2,4D","A101+2,4D+increased",2x,2129.88,increased,4,1,0.329,0.143542757
GC,117,2,A101,"2,4D","A101+2,4D+increased",4x,4259.75,increased,1,1,0.123,0.053664921
GC,118,2,A101,"2,4D","A101+2,4D+increased",4x,4259.75,increased,2,0,0,0
GC,119,2,A101,"2,4D","A101+2,4D+increased",4x,4259.75,increased,3,0,0,0
GC,120,2,A101,"2,4D","A101+2,4D+increased",4x,4259.75,increased,4,0,0,0
GC,121,2,A101,"2,4D+P450","A101+2,4D+P450+increased",0x,0,increased,1,1,2.588,1
GC,122,2,A101,"2,4D+P450","A101+2,4D+P450+increased",0x,0,increased,2,1,2.841,1
GC,123,2,A101,"2,4D+P450","A101+2,4D+P450+increased",0x,0,increased,3,1,1.866,1
GC,124,2,A101,"2,4D+P450","A101+2,4D+P450+increased",0x,0,increased,4,1,3.468,1
GC,125,2,A101,"2,4D+P450","A101+2,4D+P450+increased",0.015x,16.64,increased,1,1,1.26,0.468270928
GC,126,2,A101,"2,4D+P450","A101+2,4D+P450+increased",0.015x,16.64,increased,2,1,2.088,0.775991824
GC,127,2,A101,"2,4D+P450","A101+2,4D+P450+increased",0.015x,16.64,increased,3,1,2.492,0.926135836
GC,128,2,A101,"2,4D+P450","A101+2,4D+P450+increased",0.015x,16.64,increased,4,1,2.504,0.930595559
GC,129,2,A101,"2,4D+P450","A101+2,4D+P450+increased",0.031x,33.28,increased,1,1,2.256,0.838427948
GC,130,2,A101,"2,4D+P450","A101+2,4D+P450+increased",0.031x,33.28,increased,2,1,2.6,0.966273344
GC,131,2,A101,"2,4D+P450","A101+2,4D+P450+increased",0.031x,33.28,increased,3,1,2.293,0.852178761
GC,132,2,A101,"2,4D+P450","A101+2,4D+P450+increased",0.031x,33.28,increased,4,1,2.191,0.814271114
GC,133,2,A101,"2,4D+P450","A101+2,4D+P450+increased",0.062x,66.56,increased,1,1,1.321,0.490941187
GC,134,2,A101,"2,4D+P450","A101+2,4D+P450+increased",0.062x,66.56,increased,2,1,2.636,0.979652513
GC,135,2,A101,"2,4D+P450","A101+2,4D+P450+increased",0.062x,66.56,increased,3,1,1.638,0.608752207
GC,136,2,A101,"2,4D+P450","A101+2,4D+P450+increased",0.062x,66.56,increased,4,1,2.356,0.875592307
GC,137,2,A101,"2,4D+P450","A101+2,4D+P450+increased",0.125x,133.12,increased,1,1,1.653,0.614326861
GC,138,2,A101,"2,4D+P450","A101+2,4D+P450+increased",0.125x,133.12,increased,2,1,1.045,0.388367556
GC,139,2,A101,"2,4D+P450","A101+2,4D+P450+increased",0.125x,133.12,increased,3,1,0.975,0.362352504
GC,140,2,A101,"2,4D+P450","A101+2,4D+P450+increased",0.125x,133.12,increased,4,1,1.508,0.560438539
GC,141,2,A101,"2,4D+P450","A101+2,4D+P450+increased",0.25x,266.23,increased,1,1,1.043,0.387624268
GC,142,2,A101,"2,4D+P450","A101+2,4D+P450+increased",0.25x,266.23,increased,2,1,0.568,0.211093561
GC,143,2,A101,"2,4D+P450","A101+2,4D+P450+increased",0.25x,266.23,increased,3,1,1.036,0.385022763
GC,144,2,A101,"2,4D+P450","A101+2,4D+P450+increased",0.25x,266.23,increased,4,1,0.19,0.070612283
GC,145,2,A101,"2,4D+P450","A101+2,4D+P450+increased",0.5x,532.47,increased,1,0,0,0
GC,146,2,A101,"2,4D+P450","A101+2,4D+P450+increased",0.5x,532.47,increased,2,1,0.436,0.162036607
GC,147,2,A101,"2,4D+P450","A101+2,4D+P450+increased",0.5x,532.47,increased,3,1,0.682,0.253460931
GC,148,2,A101,"2,4D+P450","A101+2,4D+P450+increased",0.5x,532.47,increased,4,1,0.995,0.369785376
GC,149,2,A101,"2,4D+P450","A101+2,4D+P450+increased",1x,1064.94,increased,1,0,0,0
GC,150,2,A101,"2,4D+P450","A101+2,4D+P450+increased",1x,1064.94,increased,2,0,0,0
GC,151,2,A101,"2,4D+P450","A101+2,4D+P450+increased",1x,1064.94,increased,3,1,0.662,0.246028059
GC,152,2,A101,"2,4D+P450","A101+2,4D+P450+increased",1x,1064.94,increased,4,0,0,0
GC,153,2,A101,"2,4D+P450","A101+2,4D+P450+increased",2x,2129.88,increased,1,1,0.513,0.190653164
GC,154,2,A101,"2,4D+P450","A101+2,4D+P450+increased",2x,2129.88,increased,2,1,0.374,0.138994704
GC,155,2,A101,"2,4D+P450","A101+2,4D+P450+increased",2x,2129.88,increased,3,0,0,0
GC,156,2,A101,"2,4D+P450","A101+2,4D+P450+increased",2x,2129.88,increased,4,0,0,0
GC,157,2,A101,"2,4D+P450","A101+2,4D+P450+increased",4x,4259.75,increased,1,0,0,0
GC,158,2,A101,"2,4D+P450","A101+2,4D+P450+increased",4x,4259.75,increased,2,0,0,0
GC,159,2,A101,"2,4D+P450","A101+2,4D+P450+increased",4x,4259.75,increased,3,1,0.312,0.115952801
GC,160,2,A101,"2,4D+P450","A101+2,4D+P450+increased",4x,4259.75,increased,4,0,0,0
GC,161,2,A101,"2,4D+GST","A101+2,4D+GST+increased",0x,0,increased,1,1,2.639,1
GC,162,2,A101,"2,4D+GST","A101+2,4D+GST+increased",0x,0,increased,2,1,2.614,1
GC,163,2,A101,"2,4D+GST","A101+2,4D+GST+increased",0x,0,increased,3,1,2.847,1
GC,164,2,A101,"2,4D+GST","A101+2,4D+GST+increased",0x,0,increased,4,1,3.772,1
GC,165,2,A101,"2,4D+GST","A101+2,4D+GST+increased",0.015x,16.64,increased,1,1,2.575,0.867587601
GC,166,2,A101,"2,4D+GST","A101+2,4D+GST+increased",0.015x,16.64,increased,2,1,1.979,0.666778976
GC,167,2,A101,"2,4D+GST","A101+2,4D+GST+increased",0.015x,16.64,increased,3,1,3.334,1
GC,168,2,A101,"2,4D+GST","A101+2,4D+GST+increased",0.015x,16.64,increased,4,1,2.148,0.723719677
GC,169,2,A101,"2,4D+GST","A101+2,4D+GST+increased",0.031x,33.28,increased,1,1,2.328,0.784366577
GC,170,2,A101,"2,4D+GST","A101+2,4D+GST+increased",0.031x,33.28,increased,2,1,3.122,1
GC,171,2,A101,"2,4D+GST","A101+2,4D+GST+increased",0.031x,33.28,increased,3,1,2.514,0.84703504
GC,172,2,A101,"2,4D+GST","A101+2,4D+GST+increased",0.031x,33.28,increased,4,1,2.619,0.882412399
GC,173,2,A101,"2,4D+GST","A101+2,4D+GST+increased",0.062x,66.56,increased,1,1,1.848,0.622641509
GC,174,2,A101,"2,4D+GST","A101+2,4D+GST+increased",0.062x,66.56,increased,2,1,2.788,0.9393531
GC,175,2,A101,"2,4D+GST","A101+2,4D+GST+increased",0.062x,66.56,increased,3,1,2.144,0.722371968
GC,176,2,A101,"2,4D+GST","A101+2,4D+GST+increased",0.062x,66.56,increased,4,1,2.369,0.798180593
GC,177,2,A101,"2,4D+GST","A101+2,4D+GST+increased",0.125x,133.12,increased,1,1,1.317,0.443733154
GC,178,2,A101,"2,4D+GST","A101+2,4D+GST+increased",0.125x,133.12,increased,2,1,0.612,0.206199461
GC,179,2,A101,"2,4D+GST","A101+2,4D+GST+increased",0.125x,133.12,increased,3,1,2.144,0.722371968
GC,180,2,A101,"2,4D+GST","A101+2,4D+GST+increased",0.125x,133.12,increased,4,1,2.217,0.746967655
GC,181,2,A101,"2,4D+GST","A101+2,4D+GST+increased",0.25x,266.23,increased,1,1,1.408,0.474393531
GC,182,2,A101,"2,4D+GST","A101+2,4D+GST+increased",0.25x,266.23,increased,2,1,1.071,0.360849057
GC,183,2,A101,"2,4D+GST","A101+2,4D+GST+increased",0.25x,266.23,increased,3,0,0,0
GC,184,2,A101,"2,4D+GST","A101+2,4D+GST+increased",0.25x,266.23,increased,4,1,1.3,0.438005391
GC,185,2,A101,"2,4D+GST","A101+2,4D+GST+increased",0.5x,532.47,increased,1,1,0.395,0.133086253
GC,186,2,A101,"2,4D+GST","A101+2,4D+GST+increased",0.5x,532.47,increased,2,1,0.538,0.181266846
GC,187,2,A101,"2,4D+GST","A101+2,4D+GST+increased",0.5x,532.47,increased,3,1,0.518,0.174528302
GC,188,2,A101,"2,4D+GST","A101+2,4D+GST+increased",0.5x,532.47,increased,4,1,0.775,0.261118598
GC,189,2,A101,"2,4D+GST","A101+2,4D+GST+increased",1x,1064.94,increased,1,1,0.652,0.21967655
GC,190,2,A101,"2,4D+GST","A101+2,4D+GST+increased",1x,1064.94,increased,2,1,0.712,0.239892183
GC,191,2,A101,"2,4D+GST","A101+2,4D+GST+increased",1x,1064.94,increased,3,0,0,0
GC,192,2,A101,"2,4D+GST","A101+2,4D+GST+increased",1x,1064.94,increased,4,0,0,0
GC,193,2,A101,"2,4D+GST","A101+2,4D+GST+increased",2x,2129.88,increased,1,0,0,0
GC,194,2,A101,"2,4D+GST","A101+2,4D+GST+increased",2x,2129.88,increased,2,0,0,0
GC,195,2,A101,"2,4D+GST","A101+2,4D+GST+increased",2x,2129.88,increased,3,0,0,0
GC,196,2,A101,"2,4D+GST","A101+2,4D+GST+increased",2x,2129.88,increased,4,0,0,0
GC,197,2,A101,"2,4D+GST","A101+2,4D+GST+increased",4x,4259.75,increased,1,0,0,0
GC,198,2,A101,"2,4D+GST","A101+2,4D+GST+increased",4x,4259.75,increased,2,0,0,0
GC,199,2,A101,"2,4D+GST","A101+2,4D+GST+increased",4x,4259.75,increased,3,0,0,0
GC,200,2,A101,"2,4D+GST","A101+2,4D+GST+increased",4x,4259.75,increased,4,1,0.257,0.086590296
GC,201,2,A101,"2,4D","A101+2,4D+ambient",0x,0,ambient,1,1,3.412,1
GC,202,2,A101,"2,4D","A101+2,4D+ambient",0x,0,ambient,2,1,0.57,1
GC,203,2,A101,"2,4D","A101+2,4D+ambient",0x,0,ambient,3,1,2.896,1
GC,204,2,A101,"2,4D","A101+2,4D+ambient",0x,0,ambient,4,1,0.482,1
GC,205,2,A101,"2,4D","A101+2,4D+ambient",0.015x,16.64,ambient,1,1,1.217,0.661413043
GC,206,2,A101,"2,4D","A101+2,4D+ambient",0.015x,16.64,ambient,2,1,1.975,1
GC,207,2,A101,"2,4D","A101+2,4D+ambient",0.015x,16.64,ambient,3,1,0.524,0.284782609
GC,208,2,A101,"2,4D","A101+2,4D+ambient",0.015x,16.64,ambient,4,1,2.242,1
GC,209,2,A101,"2,4D","A101+2,4D+ambient",0.031x,33.28,ambient,1,1,1.637,0.889673913
GC,210,2,A101,"2,4D","A101+2,4D+ambient",0.031x,33.28,ambient,2,1,1.046,0.568478261
GC,211,2,A101,"2,4D","A101+2,4D+ambient",0.031x,33.28,ambient,3,1,1.557,0.846195652
GC,212,2,A101,"2,4D","A101+2,4D+ambient",0.031x,33.28,ambient,4,1,3.092,1
GC,213,2,A101,"2,4D","A101+2,4D+ambient",0.062x,66.56,ambient,1,0,0,0
GC,214,2,A101,"2,4D","A101+2,4D+ambient",0.062x,66.56,ambient,2,1,2.466,1
GC,215,2,A101,"2,4D","A101+2,4D+ambient",0.062x,66.56,ambient,3,1,2.595,1
GC,216,2,A101,"2,4D","A101+2,4D+ambient",0.062x,66.56,ambient,4,1,3.27,1
GC,217,2,A101,"2,4D","A101+2,4D+ambient",0.125x,133.12,ambient,1,1,0.681,0.370108696
GC,218,2,A101,"2,4D","A101+2,4D+ambient",0.125x,133.12,ambient,2,1,1.359,0.738586957
GC,219,2,A101,"2,4D","A101+2,4D+ambient",0.125x,133.12,ambient,3,1,1.934,1
GC,220,2,A101,"2,4D","A101+2,4D+ambient",0.125x,133.12,ambient,4,1,1.269,0.689673913
GC,221,2,A101,"2,4D","A101+2,4D+ambient",0.25x,266.23,ambient,1,1,1.203,0.653804348
GC,222,2,A101,"2,4D","A101+2,4D+ambient",0.25x,266.23,ambient,2,1,2.802,1
GC,223,2,A101,"2,4D","A101+2,4D+ambient",0.25x,266.23,ambient,3,1,0.868,0.47173913
GC,224,2,A101,"2,4D","A101+2,4D+ambient",0.25x,266.23,ambient,4,1,0.86,0.467391304
GC,225,2,A101,"2,4D","A101+2,4D+ambient",0.5x,532.47,ambient,1,1,0.548,0.297826087
GC,226,2,A101,"2,4D","A101+2,4D+ambient",0.5x,532.47,ambient,2,0,0,0
GC,227,2,A101,"2,4D","A101+2,4D+ambient",0.5x,532.47,ambient,3,1,0.851,0.4625
GC,228,2,A101,"2,4D","A101+2,4D+ambient",0.5x,532.47,ambient,4,1,0.482,0.261956522
GC,229,2,A101,"2,4D","A101+2,4D+ambient",1x,1064.94,ambient,1,0,0,0
GC,230,2,A101,"2,4D","A101+2,4D+ambient",1x,1064.94,ambient,2,1,0.852,0.463043478
GC,231,2,A101,"2,4D","A101+2,4D+ambient",1x,1064.94,ambient,3,1,0.71,0.385869565
GC,232,2,A101,"2,4D","A101+2,4D+ambient",1x,1064.94,ambient,4,1,0.33,0.179347826
GC,233,2,A101,"2,4D","A101+2,4D+ambient",2x,2129.88,ambient,1,0,0,0
GC,234,2,A101,"2,4D","A101+2,4D+ambient",2x,2129.88,ambient,2,0,0,0
GC,235,2,A101,"2,4D","A101+2,4D+ambient",2x,2129.88,ambient,3,1,0.156,0.084782609
GC,236,2,A101,"2,4D","A101+2,4D+ambient",2x,2129.88,ambient,4,0,0,0
GC,237,2,A101,"2,4D","A101+2,4D+ambient",4x,4259.75,ambient,1,0,0,0
GC,238,2,A101,"2,4D","A101+2,4D+ambient",4x,4259.75,ambient,2,0,0,0
GC,239,2,A101,"2,4D","A101+2,4D+ambient",4x,4259.75,ambient,3,1,0.205,0.111413043
GC,240,2,A101,"2,4D","A101+2,4D+ambient",4x,4259.75,ambient,4,1,0.09,0.048913043
GC,241,2,A101,"2,4D+P450","A101+2,4D+P450+ambient",0x,0,ambient,1,1,3.267,1
GC,242,2,A101,"2,4D+P450","A101+2,4D+P450+ambient",0x,0,ambient,2,1,3.003,1
GC,243,2,A101,"2,4D+P450","A101+2,4D+P450+ambient",0x,0,ambient,3,1,1.534,1
GC,244,2,A101,"2,4D+P450","A101+2,4D+P450+ambient",0x,0,ambient,4,1,4.419,1
GC,245,2,A101,"2,4D+P450","A101+2,4D+P450+ambient",0.015x,16.64,ambient,1,1,1.255,0.410701137
GC,246,2,A101,"2,4D+P450","A101+2,4D+P450+ambient",0.015x,16.64,ambient,2,1,0.837,0.273909842
GC,247,2,A101,"2,4D+P450","A101+2,4D+P450+ambient",0.015x,16.64,ambient,3,1,3.309,1
GC,248,2,A101,"2,4D+P450","A101+2,4D+P450+ambient",0.015x,16.64,ambient,4,1,3.433,1
GC,249,2,A101,"2,4D+P450","A101+2,4D+P450+ambient",0.031x,33.28,ambient,1,1,3.151,1
GC,250,2,A101,"2,4D+P450","A101+2,4D+P450+ambient",0.031x,33.28,ambient,2,1,1.958,0.640759224
GC,251,2,A101,"2,4D+P450","A101+2,4D+P450+ambient",0.031x,33.28,ambient,3,1,2.621,0.857727236
GC,252,2,A101,"2,4D+P450","A101+2,4D+P450+ambient",0.031x,33.28,ambient,4,1,2.894,0.947067005
GC,253,2,A101,"2,4D+P450","A101+2,4D+P450+ambient",0.062x,66.56,ambient,1,1,2.226,0.728462734
GC,254,2,A101,"2,4D+P450","A101+2,4D+P450+ambient",0.062x,66.56,ambient,2,1,1.372,0.44898961
GC,255,2,A101,"2,4D+P450","A101+2,4D+P450+ambient",0.062x,66.56,ambient,3,0,0,0
GC,256,2,A101,"2,4D+P450","A101+2,4D+P450+ambient",0.062x,66.56,ambient,4,1,3.02,0.988300744
GC,257,2,A101,"2,4D+P450","A101+2,4D+P450+ambient",0.125x,133.12,ambient,1,1,1.113,0.364231367
GC,258,2,A101,"2,4D+P450","A101+2,4D+P450+ambient",0.125x,133.12,ambient,2,1,3.173,1
GC,259,2,A101,"2,4D+P450","A101+2,4D+P450+ambient",0.125x,133.12,ambient,3,1,0.636,0.20813221
GC,260,2,A101,"2,4D+P450","A101+2,4D+P450+ambient",0.125x,133.12,ambient,4,1,1.714,0.56090976
GC,261,2,A101,"2,4D+P450","A101+2,4D+P450+ambient",0.25x,266.23,ambient,1,1,0.473,0.15479015
GC,262,2,A101,"2,4D+P450","A101+2,4D+P450+ambient",0.25x,266.23,ambient,2,0,0,0
GC,263,2,A101,"2,4D+P450","A101+2,4D+P450+ambient",0.25x,266.23,ambient,3,1,1.202,0.393356786
GC,264,2,A101,"2,4D+P450","A101+2,4D+P450+ambient",0.25x,266.23,ambient,4,1,0.893,0.292235949
GC,265,2,A101,"2,4D+P450","A101+2,4D+P450+ambient",0.5x,532.47,ambient,1,1,0.871,0.285036407
GC,266,2,A101,"2,4D+P450","A101+2,4D+P450+ambient",0.5x,532.47,ambient,2,1,0.666,0.217949767
GC,267,2,A101,"2,4D+P450","A101+2,4D+P450+ambient",0.5x,532.47,ambient,3,1,1.341,0.438844801
GC,268,2,A101,"2,4D+P450","A101+2,4D+P450+ambient",0.5x,532.47,ambient,4,0,0,0
GC,269,2,A101,"2,4D+P450","A101+2,4D+P450+ambient",1x,1064.94,ambient,1,1,1.348,0.441135564
GC,270,2,A101,"2,4D+P450","A101+2,4D+P450+ambient",1x,1064.94,ambient,2,1,0.395,0.129264501
GC,271,2,A101,"2,4D+P450","A101+2,4D+P450+ambient",1x,1064.94,ambient,3,0,0,0
GC,272,2,A101,"2,4D+P450","A101+2,4D+P450+ambient",1x,1064.94,ambient,4,1,0.496,0.162316943
GC,273,2,A101,"2,4D+P450","A101+2,4D+P450+ambient",2x,2129.88,ambient,1,0,0,0
GC,274,2,A101,"2,4D+P450","A101+2,4D+P450+ambient",2x,2129.88,ambient,2,0,0,0
GC,275,2,A101,"2,4D+P450","A101+2,4D+P450+ambient",2x,2129.88,ambient,3,0,0,0
GC,276,2,A101,"2,4D+P450","A101+2,4D+P450+ambient",2x,2129.88,ambient,4,0,0,0
GC,277,2,A101,"2,4D+P450","A101+2,4D+P450+ambient",4x,4259.75,ambient,1,0,0,0
GC,278,2,A101,"2,4D+P450","A101+2,4D+P450+ambient",4x,4259.75,ambient,2,0,0,0
GC,279,2,A101,"2,4D+P450","A101+2,4D+P450+ambient",4x,4259.75,ambient,3,1,0.076,0.024871145
GC,280,2,A101,"2,4D+P450","A101+2,4D+P450+ambient",4x,4259.75,ambient,4,0,0,0
GC,281,2,A101,"2,4D+GST","A101+2,4D+GST+ambient",0x,0,ambient,1,1,2.982,1
GC,282,2,A101,"2,4D+GST","A101+2,4D+GST+ambient",0x,0,ambient,2,1,3.383,1
GC,283,2,A101,"2,4D+GST","A101+2,4D+GST+ambient",0x,0,ambient,3,1,3.278,1
GC,284,2,A101,"2,4D+GST","A101+2,4D+GST+ambient",0x,0,ambient,4,1,2.465,1
GC,285,2,A101,"2,4D+GST","A101+2,4D+GST+ambient",0.015x,16.64,ambient,1,1,2.277,0.752229931
GC,286,2,A101,"2,4D+GST","A101+2,4D+GST+ambient",0.015x,16.64,ambient,2,1,1.79,0.591344566
GC,287,2,A101,"2,4D+GST","A101+2,4D+GST+ambient",0.015x,16.64,ambient,3,1,2.644,0.873472085
GC,288,2,A101,"2,4D+GST","A101+2,4D+GST+ambient",0.015x,16.64,ambient,4,1,3.31,1
GC,289,2,A101,"2,4D+GST","A101+2,4D+GST+ambient",0.031x,33.28,ambient,1,1,2.119,0.700033036
GC,290,2,A101,"2,4D+GST","A101+2,4D+GST+ambient",0.031x,33.28,ambient,2,1,3.191,1
GC,291,2,A101,"2,4D+GST","A101+2,4D+GST+ambient",0.031x,33.28,ambient,3,1,2.62,0.865543442
GC,292,2,A101,"2,4D+GST","A101+2,4D+GST+ambient",0.031x,33.28,ambient,4,1,1.708,0.564255038
GC,293,2,A101,"2,4D+GST","A101+2,4D+GST+ambient",0.062x,66.56,ambient,1,1,2.384,0.787578461
GC,294,2,A101,"2,4D+GST","A101+2,4D+GST+ambient",0.062x,66.56,ambient,2,1,1.184,0.39114635
GC,295,2,A101,"2,4D+GST","A101+2,4D+GST+ambient",0.062x,66.56,ambient,3,1,1.962,0.648166501
GC,296,2,A101,"2,4D+GST","A101+2,4D+GST+ambient",0.062x,66.56,ambient,4,1,0.533,0.176081929
GC,297,2,A101,"2,4D+GST","A101+2,4D+GST+ambient",0.125x,133.12,ambient,1,1,2.386,0.788239181
GC,298,2,A101,"2,4D+GST","A101+2,4D+GST+ambient",0.125x,133.12,ambient,2,1,2.302,0.760488933
GC,299,2,A101,"2,4D+GST","A101+2,4D+GST+ambient",0.125x,133.12,ambient,3,1,1.307,0.431780641
GC,300,2,A101,"2,4D+GST","A101+2,4D+GST+ambient",0.125x,133.12,ambient,4,1,1.958,0.646845061
GC,301,2,A101,"2,4D+GST","A101+2,4D+GST+ambient",0.25x,266.23,ambient,1,1,0.519,0.171456888
GC,302,2,A101,"2,4D+GST","A101+2,4D+GST+ambient",0.25x,266.23,ambient,2,1,1.313,0.433762801
GC,303,2,A101,"2,4D+GST","A101+2,4D+GST+ambient",0.25x,266.23,ambient,3,1,1.298,0.4288074
GC,304,2,A101,"2,4D+GST","A101+2,4D+GST+ambient",0.25x,266.23,ambient,4,1,1.856,0.613148332
GC,305,2,A101,"2,4D+GST","A101+2,4D+GST+ambient",0.5x,532.47,ambient,1,1,0.668,0.220680542
GC,306,2,A101,"2,4D+GST","A101+2,4D+GST+ambient",0.5x,532.47,ambient,2,1,0.38,0.125536835
GC,307,2,A101,"2,4D+GST","A101+2,4D+GST+ambient",0.5x,532.47,ambient,3,1,0.644,0.2127519
GC,308,2,A101,"2,4D+GST","A101+2,4D+GST+ambient",0.5x,532.47,ambient,4,1,1.147,0.378923026
GC,309,2,A101,"2,4D+GST","A101+2,4D+GST+ambient",1x,1064.94,ambient,1,0,0,0
GC,310,2,A101,"2,4D+GST","A101+2,4D+GST+ambient",1x,1064.94,ambient,2,1,0.326,0.10769739
GC,311,2,A101,"2,4D+GST","A101+2,4D+GST+ambient",1x,1064.94,ambient,3,1,0.341,0.112652792
GC,312,2,A101,"2,4D+GST","A101+2,4D+GST+ambient",1x,1064.94,ambient,4,0,0,0
GC,313,2,A101,"2,4D+GST","A101+2,4D+GST+ambient",2x,2129.88,ambient,1,0,0,0
GC,314,2,A101,"2,4D+GST","A101+2,4D+GST+ambient",2x,2129.88,ambient,2,1,0.22,0.07267922
GC,315,2,A101,"2,4D+GST","A101+2,4D+GST+ambient",2x,2129.88,ambient,3,1,0.271,0.089527585
GC,316,2,A101,"2,4D+GST","A101+2,4D+GST+ambient",2x,2129.88,ambient,4,1,0.444,0.146679881
GC,317,2,A101,"2,4D+GST","A101+2,4D+GST+ambient",4x,4259.75,ambient,1,0,0,0
GC,318,2,A101,"2,4D+GST","A101+2,4D+GST+ambient",4x,4259.75,ambient,2,1,0.855,0.282457879
GC,319,2,A101,"2,4D+GST","A101+2,4D+GST+ambient",4x,4259.75,ambient,3,1,0.31,0.102411629
GC,320,2,A101,"2,4D+GST","A101+2,4D+GST+ambient",4x,4259.75,ambient,4,1,0.46,0.151965643
